hour_tokyo,trip_id_norm,stop_sequence,stop_id,stop_name_display,stop_name,start_date,rt_dt_utc,sched_dt_utc,delay_sec
2026-02-06T09:00:00Z,4200905G,1,4201,Osaki,大崎,20260206,2026-02-06T00:50:47Z,2026-02-06T00:50:00Z,47
2026-02-06T09:00:00Z,4200905G,2,4202,Gotanda,五反田,20260206,2026-02-06T00:52:47Z,2026-02-06T00:51:00Z,107
2026-02-06T09:00:00Z,4200905G,3,4203,Meguro,目黒,20260206,2026-02-06T00:54:47Z,2026-02-06T00:54:00Z,47
2026-02-06T09:00:00Z,4200905G,4,4204,Ebisu,恵比寿,20260206,2026-02-06T00:57:17Z,2026-02-06T00:56:00Z,77
2026-02-06T09:00:00Z,4200905G,5,4205,Shibuya,渋谷,20260206,2026-02-06T00:59:47Z,2026-02-06T00:59:00Z,47
2026-02-06T10:00:00Z,4200905G,6,4206,Harajuku,原宿,20260206,2026-02-06T01:01:48Z,2026-02-06T01:01:00Z,48
2026-02-06T10:00:00Z,4200905G,7,4207,Yoyogi,代々木,20260206,2026-02-06T01:04:18Z,2026-02-06T01:03:00Z,78
2026-02-06T10:00:00Z,4200905G,8,4208,Shinjuku,新宿,20260206,2026-02-06T01:06:47Z,2026-02-06T01:06:00Z,47
2026-02-06T10:00:00Z,4200905G,9,4209,Shin-Okubo,新大久保,20260206,2026-02-06T01:08:46Z,2026-02-06T01:08:00Z,46
2026-02-06T10:00:00Z,4200905G,10,4210,Takadanobaba,高田馬場,20260206,2026-02-06T01:11:17Z,2026-02-06T01:10:00Z,77
2026-02-06T10:00:00Z,4200905G,11,4211,Mejiro,目白,20260206,2026-02-06T01:12:47Z,2026-02-06T01:12:00Z,47
2026-02-06T10:00:00Z,4200905G,12,4212,Ikebukuro,池袋,20260206,2026-02-06T01:15:17Z,2026-02-06T01:14:00Z,77
2026-02-06T10:00:00Z,4200905G,13,4213,Otsuka,大塚,20260206,2026-02-06T01:17:49Z,2026-02-06T01:17:00Z,49
2026-02-06T10:00:00Z,4200905G,14,4214,Sugamo,巣鴨,20260206,2026-02-06T01:19:47Z,2026-02-06T01:19:00Z,47
2026-02-06T10:00:00Z,4200905G,15,4215,Komagome,駒込,20260206,2026-02-06T01:21:16Z,2026-02-06T01:21:00Z,16
2026-02-06T10:00:00Z,4200905G,16,4216,Tabata,田端,20260206,2026-02-06T01:23:46Z,2026-02-06T01:23:00Z,46
2026-02-06T10:00:00Z,4200905G,17,4217,Nishi-Nippori,西日暮里,20260206,2026-02-06T01:25:46Z,2026-02-06T01:25:00Z,46
2026-02-06T10:00:00Z,4200905G,18,4218,Nippori,日暮里,20260206,2026-02-06T01:27:17Z,2026-02-06T01:27:00Z,17
2026-02-06T10:00:00Z,4200905G,19,4219,Uguisudani,鶯谷,20260206,2026-02-06T01:29:17Z,2026-02-06T01:28:00Z,77
2026-02-06T10:00:00Z,4200905G,20,4220,Ueno,上野,20260206,2026-02-06T01:31:47Z,2026-02-06T01:31:00Z,47
2026-02-06T10:00:00Z,4200905G,21,4221,Okachimachi,御徒町,20260206,2026-02-06T01:33:17Z,2026-02-06T01:32:00Z,77
2026-02-06T10:00:00Z,4200905G,22,4222,Akihabara,秋葉原,20260206,2026-02-06T01:35:17Z,2026-02-06T01:34:00Z,77
2026-02-06T10:00:00Z,4200905G,23,4223,Kanda,神田,20260206,2026-02-06T01:36:48Z,2026-02-06T01:36:00Z,48
2026-02-06T10:00:00Z,4200905G,24,4224,Tokyo,東京,20260206,2026-02-06T01:39:16Z,2026-02-06T01:38:00Z,76
2026-02-06T10:00:00Z,4200905G,25,4225,Yurakucho,有楽町,20260206,2026-02-06T01:41:46Z,2026-02-06T01:40:00Z,106
2026-02-06T10:00:00Z,4200905G,26,4226,Shimbashi,新橋,20260206,2026-02-06T01:43:16Z,2026-02-06T01:42:00Z,76
2026-02-06T10:00:00Z,4200905G,27,4227,Hamamatsucho,浜松町,20260206,2026-02-06T01:45:18Z,2026-02-06T01:45:00Z,18
2026-02-06T10:00:00Z,4200905G,28,4228,Tamachi,田町,20260206,2026-02-06T01:47:47Z,2026-02-06T01:47:00Z,47
2026-02-06T10:00:00Z,4200905G,29,4229,Takanawa Gateway,高輪ゲートウェイ,20260206,2026-02-06T01:49:00Z,2026-02-06T01:49:00Z,0
2026-02-06T10:00:00Z,4200905G,30,4230,Shinagawa,品川,20260206,2026-02-06T01:51:00Z,2026-02-06T01:51:00Z,0
2026-02-06T10:00:00Z,4200905G,31,4201,Osaki,大崎,20260206,2026-02-06T01:54:00Z,2026-02-06T01:54:00Z,0
2026-02-06T09:00:00Z,4200907G,1,4201,Osaki,大崎,20260206,2026-02-06T00:55:47Z,2026-02-06T00:55:00Z,47
2026-02-06T09:00:00Z,4200907G,2,4202,Gotanda,五反田,20260206,2026-02-06T00:57:17Z,2026-02-06T00:56:00Z,77
2026-02-06T09:00:00Z,4200907G,3,4203,Meguro,目黒,20260206,2026-02-06T00:59:16Z,2026-02-06T00:59:00Z,16
2026-02-06T10:00:00Z,4200907G,4,4204,Ebisu,恵比寿,20260206,2026-02-06T01:01:48Z,2026-02-06T01:01:00Z,48
2026-02-06T10:00:00Z,4200907G,5,4205,Shibuya,渋谷,20260206,2026-02-06T01:04:47Z,2026-02-06T01:04:00Z,47
2026-02-06T10:00:00Z,4200907G,6,4206,Harajuku,原宿,20260206,2026-02-06T01:07:16Z,2026-02-06T01:06:00Z,76
2026-02-06T10:00:00Z,4200907G,7,4207,Yoyogi,代々木,20260206,2026-02-06T01:09:46Z,2026-02-06T01:08:00Z,106
2026-02-06T10:00:00Z,4200907G,8,4208,Shinjuku,新宿,20260206,2026-02-06T01:11:47Z,2026-02-06T01:11:00Z,47
2026-02-06T10:00:00Z,4200907G,9,4209,Shin-Okubo,新大久保,20260206,2026-02-06T01:13:47Z,2026-02-06T01:13:00Z,47
2026-02-06T10:00:00Z,4200907G,10,4210,Takadanobaba,高田馬場,20260206,2026-02-06T01:15:46Z,2026-02-06T01:15:00Z,46
2026-02-06T10:00:00Z,4200907G,11,4211,Mejiro,目白,20260206,2026-02-06T01:17:16Z,2026-02-06T01:17:00Z,16
2026-02-06T10:00:00Z,4200907G,12,4212,Ikebukuro,池袋,20260206,2026-02-06T01:20:17Z,2026-02-06T01:19:00Z,77
2026-02-06T10:00:00Z,4200907G,13,4213,Otsuka,大塚,20260206,2026-02-06T01:22:47Z,2026-02-06T01:22:00Z,47
2026-02-06T10:00:00Z,4200907G,14,4214,Sugamo,巣鴨,20260206,2026-02-06T01:24:46Z,2026-02-06T01:24:00Z,46
2026-02-06T10:00:00Z,4200907G,15,4215,Komagome,駒込,20260206,2026-02-06T01:26:17Z,2026-02-06T01:26:00Z,17
2026-02-06T10:00:00Z,4200907G,16,4216,Tabata,田端,20260206,2026-02-06T01:29:17Z,2026-02-06T01:28:00Z,77
2026-02-06T10:00:00Z,4200907G,17,4217,Nishi-Nippori,西日暮里,20260206,2026-02-06T01:30:46Z,2026-02-06T01:30:00Z,46
2026-02-06T10:00:00Z,4200907G,18,4218,Nippori,日暮里,20260206,2026-02-06T01:32:16Z,2026-02-06T01:32:00Z,16
2026-02-06T10:00:00Z,4200907G,19,4219,Uguisudani,鶯谷,20260206,2026-02-06T01:34:17Z,2026-02-06T01:33:00Z,77
2026-02-06T10:00:00Z,4200907G,20,4220,Ueno,上野,20260206,2026-02-06T01:36:48Z,2026-02-06T01:36:00Z,48
2026-02-06T10:00:00Z,4200907G,21,4221,Okachimachi,御徒町,20260206,2026-02-06T01:38:16Z,2026-02-06T01:37:00Z,76
2026-02-06T10:00:00Z,4200907G,22,4222,Akihabara,秋葉原,20260206,2026-02-06T01:40:01Z,2026-02-06T01:39:00Z,61
2026-02-06T10:00:00Z,4200907G,23,4223,Kanda,神田,20260206,2026-02-06T01:41:46Z,2026-02-06T01:41:00Z,46
2026-02-06T10:00:00Z,4200907G,24,4224,Tokyo,東京,20260206,2026-02-06T01:44:16Z,2026-02-06T01:43:00Z,76
2026-02-06T10:00:00Z,4200907G,25,4225,Yurakucho,有楽町,20260206,2026-02-06T01:46:17Z,2026-02-06T01:45:00Z,77
2026-02-06T10:00:00Z,4200907G,26,4226,Shimbashi,新橋,20260206,2026-02-06T01:48:16Z,2026-02-06T01:47:00Z,76
2026-02-06T10:00:00Z,4200907G,27,4227,Hamamatsucho,浜松町,20260206,2026-02-06T01:50:00Z,2026-02-06T01:50:00Z,0
2026-02-06T10:00:00Z,4200907G,28,4228,Tamachi,田町,20260206,2026-02-06T01:52:00Z,2026-02-06T01:52:00Z,0
2026-02-06T10:00:00Z,4200907G,29,4229,Takanawa Gateway,高輪ゲートウェイ,20260206,2026-02-06T01:54:00Z,2026-02-06T01:54:00Z,0
2026-02-06T10:00:00Z,4200907G,30,4230,Shinagawa,品川,20260206,2026-02-06T01:56:00Z,2026-02-06T01:56:00Z,0
2026-02-06T10:00:00Z,4200907G,31,4201,Osaki,大崎,20260206,2026-02-06T01:59:00Z,2026-02-06T01:59:00Z,0
2026-02-06T09:00:00Z,4200931G,1,4201,Osaki,大崎,20260206,2026-02-06T00:45:48Z,2026-02-06T00:45:00Z,48
2026-02-06T09:00:00Z,4200931G,2,4202,Gotanda,五反田,20260206,2026-02-06T00:47:47Z,2026-02-06T00:46:00Z,107
2026-02-06T09:00:00Z,4200931G,3,4203,Meguro,目黒,20260206,2026-02-06T00:49:47Z,2026-02-06T00:49:00Z,47
2026-02-06T09:00:00Z,4200931G,4,4204,Ebisu,恵比寿,20260206,2026-02-06T00:52:47Z,2026-02-06T00:51:00Z,107
2026-02-06T09:00:00Z,4200931G,5,4205,Shibuya,渋谷,20260206,2026-02-06T00:54:47Z,2026-02-06T00:54:00Z,47
2026-02-06T09:00:00Z,4200931G,6,4206,Harajuku,原宿,20260206,2026-02-06T00:57:17Z,2026-02-06T00:56:00Z,77
2026-02-06T09:00:00Z,4200931G,7,4207,Yoyogi,代々木,20260206,2026-02-06T00:59:16Z,2026-02-06T00:58:00Z,76
2026-02-06T10:00:00Z,4200931G,8,4208,Shinjuku,新宿,20260206,2026-02-06T01:01:48Z,2026-02-06T01:01:00Z,48
2026-02-06T10:00:00Z,4200931G,9,4209,Shin-Okubo,新大久保,20260206,2026-02-06T01:03:47Z,2026-02-06T01:03:00Z,47
2026-02-06T10:00:00Z,4200931G,10,4210,Takadanobaba,高田馬場,20260206,2026-02-06T01:06:16Z,2026-02-06T01:05:00Z,76
2026-02-06T10:00:00Z,4200931G,11,4211,Mejiro,目白,20260206,2026-02-06T01:07:47Z,2026-02-06T01:07:00Z,47
2026-02-06T10:00:00Z,4200931G,12,4212,Ikebukuro,池袋,20260206,2026-02-06T01:10:17Z,2026-02-06T01:09:00Z,77
2026-02-06T10:00:00Z,4200931G,13,4213,Otsuka,大塚,20260206,2026-02-06T01:12:47Z,2026-02-06T01:12:00Z,47
2026-02-06T10:00:00Z,4200931G,14,4214,Sugamo,巣鴨,20260206,2026-02-06T01:14:46Z,2026-02-06T01:14:00Z,46
2026-02-06T10:00:00Z,4200931G,15,4215,Komagome,駒込,20260206,2026-02-06T01:17:16Z,2026-02-06T01:16:00Z,76
2026-02-06T10:00:00Z,4200931G,16,4216,Tabata,田端,20260206,2026-02-06T01:19:17Z,2026-02-06T01:18:00Z,77
2026-02-06T10:00:00Z,4200931G,17,4217,Nishi-Nippori,西日暮里,20260206,2026-02-06T01:20:47Z,2026-02-06T01:20:00Z,47
2026-02-06T10:00:00Z,4200931G,18,4218,Nippori,日暮里,20260206,2026-02-06T01:22:47Z,2026-02-06T01:22:00Z,47
2026-02-06T10:00:00Z,4200931G,19,4219,Uguisudani,鶯谷,20260206,2026-02-06T01:24:46Z,2026-02-06T01:23:00Z,106
2026-02-06T10:00:00Z,4200931G,20,4220,Ueno,上野,20260206,2026-02-06T01:26:47Z,2026-02-06T01:26:00Z,47
2026-02-06T10:00:00Z,4200931G,21,4221,Okachimachi,御徒町,20260206,2026-02-06T01:28:16Z,2026-02-06T01:27:00Z,76
2026-02-06T10:00:00Z,4200931G,22,4222,Akihabara,秋葉原,20260206,2026-02-06T01:30:17Z,2026-02-06T01:29:00Z,77
2026-02-06T10:00:00Z,4200931G,23,4223,Kanda,神田,20260206,2026-02-06T01:32:16Z,2026-02-06T01:31:00Z,76
2026-02-06T10:00:00Z,4200931G,24,4224,Tokyo,東京,20260206,2026-02-06T01:34:17Z,2026-02-06T01:33:00Z,77
2026-02-06T10:00:00Z,4200931G,25,4225,Yurakucho,有楽町,20260206,2026-02-06T01:36:17Z,2026-02-06T01:35:00Z,77
2026-02-06T10:00:00Z,4200931G,26,4226,Shimbashi,新橋,20260206,2026-02-06T01:38:16Z,2026-02-06T01:37:00Z,76
2026-02-06T10:00:00Z,4200931G,27,4227,Hamamatsucho,浜松町,20260206,2026-02-06T01:40:46Z,2026-02-06T01:40:00Z,46
2026-02-06T10:00:00Z,4200931G,28,4228,Tamachi,田町,20260206,2026-02-06T01:42:47Z,2026-02-06T01:42:00Z,47
2026-02-06T10:00:00Z,4200931G,29,4229,Takanawa Gateway,高輪ゲートウェイ,20260206,2026-02-06T01:45:18Z,2026-02-06T01:44:00Z,78
2026-02-06T10:00:00Z,4200931G,30,4230,Shinagawa,品川,20260206,2026-02-06T01:47:17Z,2026-02-06T01:46:00Z,77
2026-02-06T10:00:00Z,4200931G,31,4201,Osaki,大崎,20260206,2026-02-06T01:49:00Z,2026-02-06T01:49:00Z,0
2026-02-06T10:00:00Z,4201001G,1,4201,Osaki,大崎,20260206,2026-02-06T01:20:47Z,2026-02-06T01:20:00Z,47
2026-02-06T10:00:00Z,4201001G,2,4202,Gotanda,五反田,20260206,2026-02-06T01:22:47Z,2026-02-06T01:21:00Z,107
2026-02-06T10:00:00Z,4201001G,3,4203,Meguro,目黒,20260206,2026-02-06T01:24:46Z,2026-02-06T01:24:00Z,46
2026-02-06T10:00:00Z,4201001G,4,4204,Ebisu,恵比寿,20260206,2026-02-06T01:27:17Z,2026-02-06T01:26:00Z,77
2026-02-06T10:00:00Z,4201001G,5,4205,Shibuya,渋谷,20260206,2026-02-06T01:29:46Z,2026-02-06T01:29:00Z,46
2026-02-06T10:00:00Z,4201001G,6,4206,Harajuku,原宿,20260206,2026-02-06T01:32:16Z,2026-02-06T01:31:00Z,76
2026-02-06T10:00:00Z,4201001G,7,4207,Yoyogi,代々木,20260206,2026-02-06T01:34:17Z,2026-02-06T01:33:00Z,77
2026-02-06T10:00:00Z,4201001G,8,4208,Shinjuku,新宿,20260206,2026-02-06T01:36:48Z,2026-02-06T01:36:00Z,48
2026-02-06T10:00:00Z,4201001G,9,4209,Shin-Okubo,新大久保,20260206,2026-02-06T01:38:47Z,2026-02-06T01:38:00Z,47
2026-02-06T10:00:00Z,4201001G,10,4210,Takadanobaba,高田馬場,20260206,2026-02-06T01:40:46Z,2026-02-06T01:40:00Z,46
2026-02-06T10:00:00Z,4201001G,11,4211,Mejiro,目白,20260206,2026-02-06T01:43:16Z,2026-02-06T01:42:00Z,76
2026-02-06T10:00:00Z,4201001G,12,4212,Ikebukuro,池袋,20260206,2026-02-06T01:45:18Z,2026-02-06T01:44:00Z,78
2026-02-06T10:00:00Z,4201001G,13,4213,Otsuka,大塚,20260206,2026-02-06T01:48:16Z,2026-02-06T01:47:00Z,76
2026-02-06T10:00:00Z,4201001G,14,4214,Sugamo,巣鴨,20260206,2026-02-06T01:49:00Z,2026-02-06T01:49:00Z,0
2026-02-06T10:00:00Z,4201001G,15,4215,Komagome,駒込,20260206,2026-02-06T01:51:00Z,2026-02-06T01:51:00Z,0
2026-02-06T10:00:00Z,4201001G,16,4216,Tabata,田端,20260206,2026-02-06T01:53:00Z,2026-02-06T01:53:00Z,0
2026-02-06T10:00:00Z,4201001G,17,4217,Nishi-Nippori,西日暮里,20260206,2026-02-06T01:55:00Z,2026-02-06T01:55:00Z,0
2026-02-06T10:00:00Z,4201001G,18,4218,Nippori,日暮里,20260206,2026-02-06T01:57:00Z,2026-02-06T01:57:00Z,0
2026-02-06T10:00:00Z,4201001G,19,4219,Uguisudani,鶯谷,20260206,2026-02-06T01:58:00Z,2026-02-06T01:58:00Z,0
2026-02-06T11:00:00Z,4201001G,20,4220,Ueno,上野,20260206,2026-02-06T02:01:00Z,2026-02-06T02:01:00Z,0
2026-02-06T11:00:00Z,4201001G,21,4221,Okachimachi,御徒町,20260206,2026-02-06T02:02:00Z,2026-02-06T02:02:00Z,0
2026-02-06T11:00:00Z,4201001G,22,4222,Akihabara,秋葉原,20260206,2026-02-06T02:04:00Z,2026-02-06T02:04:00Z,0
2026-02-06T11:00:00Z,4201001G,23,4223,Kanda,神田,20260206,2026-02-06T02:06:00Z,2026-02-06T02:06:00Z,0
2026-02-06T11:00:00Z,4201001G,24,4224,Tokyo,東京,20260206,2026-02-06T02:08:00Z,2026-02-06T02:08:00Z,0
2026-02-06T11:00:00Z,4201001G,25,4225,Yurakucho,有楽町,20260206,2026-02-06T02:10:00Z,2026-02-06T02:10:00Z,0
2026-02-06T11:00:00Z,4201001G,26,4226,Shimbashi,新橋,20260206,2026-02-06T02:12:00Z,2026-02-06T02:12:00Z,0
2026-02-06T11:00:00Z,4201001G,27,4227,Hamamatsucho,浜松町,20260206,2026-02-06T02:15:00Z,2026-02-06T02:15:00Z,0
2026-02-06T11:00:00Z,4201001G,28,4228,Tamachi,田町,20260206,2026-02-06T02:17:00Z,2026-02-06T02:17:00Z,0
2026-02-06T11:00:00Z,4201001G,29,4229,Takanawa Gateway,高輪ゲートウェイ,20260206,2026-02-06T02:19:00Z,2026-02-06T02:19:00Z,0
2026-02-06T11:00:00Z,4201001G,30,4230,Shinagawa,品川,20260206,2026-02-06T02:21:00Z,2026-02-06T02:21:00Z,0
2026-02-06T11:00:00Z,4201001G,31,4201,Osaki,大崎,20260206,2026-02-06T02:24:00Z,2026-02-06T02:24:00Z,0
2026-02-06T10:00:00Z,4201003G,1,4201,Osaki,大崎,20260206,2026-02-06T01:10:47Z,2026-02-06T01:10:00Z,47
2026-02-06T10:00:00Z,4201003G,2,4202,Gotanda,五反田,20260206,2026-02-06T01:12:47Z,2026-02-06T01:11:00Z,107
2026-02-06T10:00:00Z,4201003G,3,4203,Meguro,目黒,20260206,2026-02-06T01:14:46Z,2026-02-06T01:14:00Z,46
2026-02-06T10:00:00Z,4201003G,4,4204,Ebisu,恵比寿,20260206,2026-02-06T01:17:16Z,2026-02-06T01:16:00Z,76
2026-02-06T10:00:00Z,4201003G,5,4205,Shibuya,渋谷,20260206,2026-02-06T01:19:47Z,2026-02-06T01:19:00Z,47
2026-02-06T10:00:00Z,4201003G,6,4206,Harajuku,原宿,20260206,2026-02-06T01:22:17Z,2026-02-06T01:21:00Z,77
2026-02-06T10:00:00Z,4201003G,7,4207,Yoyogi,代々木,20260206,2026-02-06T01:24:46Z,2026-02-06T01:23:00Z,106
2026-02-06T10:00:00Z,4201003G,8,4208,Shinjuku,新宿,20260206,2026-02-06T01:26:47Z,2026-02-06T01:26:00Z,47
2026-02-06T10:00:00Z,4201003G,9,4209,Shin-Okubo,新大久保,20260206,2026-02-06T01:28:46Z,2026-02-06T01:28:00Z,46
2026-02-06T10:00:00Z,4201003G,10,4210,Takadanobaba,高田馬場,20260206,2026-02-06T01:31:17Z,2026-02-06T01:30:00Z,77
2026-02-06T10:00:00Z,4201003G,11,4211,Mejiro,目白,20260206,2026-02-06T01:33:17Z,2026-02-06T01:32:00Z,77
2026-02-06T10:00:00Z,4201003G,12,4212,Ikebukuro,池袋,20260206,2026-02-06T01:35:17Z,2026-02-06T01:34:00Z,77
2026-02-06T10:00:00Z,4201003G,13,4213,Otsuka,大塚,20260206,2026-02-06T01:37:48Z,2026-02-06T01:37:00Z,48
2026-02-06T10:00:00Z,4201003G,14,4214,Sugamo,巣鴨,20260206,2026-02-06T01:39:47Z,2026-02-06T01:39:00Z,47
2026-02-06T10:00:00Z,4201003G,15,4215,Komagome,駒込,20260206,2026-02-06T01:41:46Z,2026-02-06T01:41:00Z,46
2026-02-06T10:00:00Z,4201003G,16,4216,Tabata,田端,20260206,2026-02-06T01:44:47Z,2026-02-06T01:43:00Z,107
2026-02-06T10:00:00Z,4201003G,17,4217,Nishi-Nippori,西日暮里,20260206,2026-02-06T01:46:17Z,2026-02-06T01:45:00Z,77
2026-02-06T10:00:00Z,4201003G,18,4218,Nippori,日暮里,20260206,2026-02-06T01:47:47Z,2026-02-06T01:47:00Z,47
2026-02-06T10:00:00Z,4201003G,19,4219,Uguisudani,鶯谷,20260206,2026-02-06T01:48:16Z,2026-02-06T01:48:00Z,16
2026-02-06T10:00:00Z,4201003G,20,4220,Ueno,上野,20260206,2026-02-06T01:51:00Z,2026-02-06T01:51:00Z,0
2026-02-06T10:00:00Z,4201003G,21,4221,Okachimachi,御徒町,20260206,2026-02-06T01:52:00Z,2026-02-06T01:52:00Z,0
2026-02-06T10:00:00Z,4201003G,22,4222,Akihabara,秋葉原,20260206,2026-02-06T01:54:00Z,2026-02-06T01:54:00Z,0
2026-02-06T10:00:00Z,4201003G,23,4223,Kanda,神田,20260206,2026-02-06T01:56:00Z,2026-02-06T01:56:00Z,0
2026-02-06T10:00:00Z,4201003G,24,4224,Tokyo,東京,20260206,2026-02-06T01:58:00Z,2026-02-06T01:58:00Z,0
2026-02-06T11:00:00Z,4201003G,25,4225,Yurakucho,有楽町,20260206,2026-02-06T02:00:00Z,2026-02-06T02:00:00Z,0
2026-02-06T11:00:00Z,4201003G,26,4226,Shimbashi,新橋,20260206,2026-02-06T02:02:00Z,2026-02-06T02:02:00Z,0
2026-02-06T11:00:00Z,4201003G,27,4227,Hamamatsucho,浜松町,20260206,2026-02-06T02:05:00Z,2026-02-06T02:05:00Z,0
2026-02-06T11:00:00Z,4201003G,28,4228,Tamachi,田町,20260206,2026-02-06T02:07:00Z,2026-02-06T02:07:00Z,0
2026-02-06T11:00:00Z,4201003G,29,4229,Takanawa Gateway,高輪ゲートウェイ,20260206,2026-02-06T02:09:00Z,2026-02-06T02:09:00Z,0
2026-02-06T11:00:00Z,4201003G,30,4230,Shinagawa,品川,20260206,2026-02-06T02:11:00Z,2026-02-06T02:11:00Z,0
2026-02-06T11:00:00Z,4201003G,31,4201,Osaki,大崎,20260206,2026-02-06T02:14:00Z,2026-02-06T02:14:00Z,0
2026-02-06T10:00:00Z,4201011G,1,4201,Osaki,大崎,20260206,2026-02-06T01:15:46Z,2026-02-06T01:15:00Z,46
2026-02-06T10:00:00Z,4201011G,2,4202,Gotanda,五反田,20260206,2026-02-06T01:17:49Z,2026-02-06T01:16:00Z,109
2026-02-06T10:00:00Z,4201011G,3,4203,Meguro,目黒,20260206,2026-02-06T01:19:47Z,2026-02-06T01:19:00Z,47
2026-02-06T10:00:00Z,4201011G,4,4204,Ebisu,恵比寿,20260206,2026-02-06T01:22:17Z,2026-02-06T01:21:00Z,77
2026-02-06T10:00:00Z,4201011G,5,4205,Shibuya,渋谷,20260206,2026-02-06T01:24:46Z,2026-02-06T01:24:00Z,46
2026-02-06T10:00:00Z,4201011G,6,4206,Harajuku,原宿,20260206,2026-02-06T01:27:17Z,2026-02-06T01:26:00Z,77
2026-02-06T10:00:00Z,4201011G,7,4207,Yoyogi,代々木,20260206,2026-02-06T01:29:46Z,2026-02-06T01:28:00Z,106
2026-02-06T10:00:00Z,4201011G,8,4208,Shinjuku,新宿,20260206,2026-02-06T01:31:47Z,2026-02-06T01:31:00Z,47
2026-02-06T10:00:00Z,4201011G,9,4209,Shin-Okubo,新大久保,20260206,2026-02-06T01:34:17Z,2026-02-06T01:33:00Z,77
2026-02-06T10:00:00Z,4201011G,10,4210,Takadanobaba,高田馬場,20260206,2026-02-06T01:36:17Z,2026-02-06T01:35:00Z,77
2026-02-06T10:00:00Z,4201011G,11,4211,Mejiro,目白,20260206,2026-02-06T01:38:16Z,2026-02-06T01:37:00Z,76
2026-02-06T10:00:00Z,4201011G,12,4212,Ikebukuro,池袋,20260206,2026-02-06T01:40:46Z,2026-02-06T01:39:00Z,106
2026-02-06T10:00:00Z,4201011G,13,4213,Otsuka,大塚,20260206,2026-02-06T01:43:16Z,2026-02-06T01:42:00Z,76
2026-02-06T10:00:00Z,4201011G,14,4214,Sugamo,巣鴨,20260206,2026-02-06T01:45:18Z,2026-02-06T01:44:00Z,78
2026-02-06T10:00:00Z,4201011G,15,4215,Komagome,駒込,20260206,2026-02-06T01:46:47Z,2026-02-06T01:46:00Z,47
2026-02-06T10:00:00Z,4201011G,16,4216,Tabata,田端,20260206,2026-02-06T01:48:16Z,2026-02-06T01:48:00Z,16
2026-02-06T10:00:00Z,4201011G,17,4217,Nishi-Nippori,西日暮里,20260206,2026-02-06T01:50:00Z,2026-02-06T01:50:00Z,0
2026-02-06T10:00:00Z,4201011G,18,4218,Nippori,日暮里,20260206,2026-02-06T01:52:00Z,2026-02-06T01:52:00Z,0
2026-02-06T10:00:00Z,4201011G,19,4219,Uguisudani,鶯谷,20260206,2026-02-06T01:53:00Z,2026-02-06T01:53:00Z,0
2026-02-06T10:00:00Z,4201011G,20,4220,Ueno,上野,20260206,2026-02-06T01:56:00Z,2026-02-06T01:56:00Z,0
2026-02-06T10:00:00Z,4201011G,21,4221,Okachimachi,御徒町,20260206,2026-02-06T01:57:00Z,2026-02-06T01:57:00Z,0
2026-02-06T10:00:00Z,4201011G,22,4222,Akihabara,秋葉原,20260206,2026-02-06T01:59:00Z,2026-02-06T01:59:00Z,0
2026-02-06T11:00:00Z,4201011G,23,4223,Kanda,神田,20260206,2026-02-06T02:01:00Z,2026-02-06T02:01:00Z,0
2026-02-06T11:00:00Z,4201011G,24,4224,Tokyo,東京,20260206,2026-02-06T02:03:00Z,2026-02-06T02:03:00Z,0
2026-02-06T11:00:00Z,4201011G,25,4225,Yurakucho,有楽町,20260206,2026-02-06T02:05:00Z,2026-02-06T02:05:00Z,0
2026-02-06T11:00:00Z,4201011G,26,4226,Shimbashi,新橋,20260206,2026-02-06T02:07:00Z,2026-02-06T02:07:00Z,0
2026-02-06T11:00:00Z,4201011G,27,4227,Hamamatsucho,浜松町,20260206,2026-02-06T02:10:00Z,2026-02-06T02:10:00Z,0
2026-02-06T11:00:00Z,4201011G,28,4228,Tamachi,田町,20260206,2026-02-06T02:12:00Z,2026-02-06T02:12:00Z,0
2026-02-06T11:00:00Z,4201011G,29,4229,Takanawa Gateway,高輪ゲートウェイ,20260206,2026-02-06T02:14:00Z,2026-02-06T02:14:00Z,0
2026-02-06T11:00:00Z,4201011G,30,4230,Shinagawa,品川,20260206,2026-02-06T02:16:00Z,2026-02-06T02:16:00Z,0
2026-02-06T11:00:00Z,4201011G,31,4201,Osaki,大崎,20260206,2026-02-06T02:19:00Z,2026-02-06T02:19:00Z,0
2026-02-06T10:00:00Z,4201013G,1,4201,Osaki,大崎,20260206,2026-02-06T01:25:46Z,2026-02-06T01:25:00Z,46
2026-02-06T10:00:00Z,4201013G,2,4202,Gotanda,五反田,20260206,2026-02-06T01:27:47Z,2026-02-06T01:26:00Z,107
2026-02-06T10:00:00Z,4201013G,3,4203,Meguro,目黒,20260206,2026-02-06T01:29:46Z,2026-02-06T01:29:00Z,46
2026-02-06T10:00:00Z,4201013G,4,4204,Ebisu,恵比寿,20260206,2026-02-06T01:32:16Z,2026-02-06T01:31:00Z,76
2026-02-06T10:00:00Z,4201013G,5,4205,Shibuya,渋谷,20260206,2026-02-06T01:34:47Z,2026-02-06T01:34:00Z,47
2026-02-06T10:00:00Z,4201013G,6,4206,Harajuku,原宿,20260206,2026-02-06T01:37:16Z,2026-02-06T01:36:00Z,76
2026-02-06T10:00:00Z,4201013G,7,4207,Yoyogi,代々木,20260206,2026-02-06T01:39:16Z,2026-02-06T01:38:00Z,76
2026-02-06T10:00:00Z,4201013G,8,4208,Shinjuku,新宿,20260206,2026-02-06T01:41:46Z,2026-02-06T01:41:00Z,46
2026-02-06T10:00:00Z,4201013G,9,4209,Shin-Okubo,新大久保,20260206,2026-02-06T01:43:46Z,2026-02-06T01:43:00Z,46
2026-02-06T10:00:00Z,4201013G,10,4210,Takadanobaba,高田馬場,20260206,2026-02-06T01:46:17Z,2026-02-06T01:45:00Z,77
2026-02-06T10:00:00Z,4201013G,11,4211,Mejiro,目白,20260206,2026-02-06T01:47:47Z,2026-02-06T01:47:00Z,47
2026-02-06T10:00:00Z,4201013G,12,4212,Ikebukuro,池袋,20260206,2026-02-06T01:49:00Z,2026-02-06T01:49:00Z,0
2026-02-06T10:00:00Z,4201013G,13,4213,Otsuka,大塚,20260206,2026-02-06T01:52:00Z,2026-02-06T01:52:00Z,0
2026-02-06T10:00:00Z,4201013G,14,4214,Sugamo,巣鴨,20260206,2026-02-06T01:54:00Z,2026-02-06T01:54:00Z,0
2026-02-06T10:00:00Z,4201013G,15,4215,Komagome,駒込,20260206,2026-02-06T01:56:00Z,2026-02-06T01:56:00Z,0
2026-02-06T10:00:00Z,4201013G,16,4216,Tabata,田端,20260206,2026-02-06T01:58:00Z,2026-02-06T01:58:00Z,0
2026-02-06T11:00:00Z,4201013G,17,4217,Nishi-Nippori,西日暮里,20260206,2026-02-06T02:00:00Z,2026-02-06T02:00:00Z,0
2026-02-06T11:00:00Z,4201013G,18,4218,Nippori,日暮里,20260206,2026-02-06T02:02:00Z,2026-02-06T02:02:00Z,0
2026-02-06T11:00:00Z,4201013G,19,4219,Uguisudani,鶯谷,20260206,2026-02-06T02:03:00Z,2026-02-06T02:03:00Z,0
2026-02-06T11:00:00Z,4201013G,20,4220,Ueno,上野,20260206,2026-02-06T02:06:00Z,2026-02-06T02:06:00Z,0
2026-02-06T11:00:00Z,4201013G,21,4221,Okachimachi,御徒町,20260206,2026-02-06T02:07:00Z,2026-02-06T02:07:00Z,0
2026-02-06T11:00:00Z,4201013G,22,4222,Akihabara,秋葉原,20260206,2026-02-06T02:09:00Z,2026-02-06T02:09:00Z,0
2026-02-06T11:00:00Z,4201013G,23,4223,Kanda,神田,20260206,2026-02-06T02:11:00Z,2026-02-06T02:11:00Z,0
2026-02-06T11:00:00Z,4201013G,24,4224,Tokyo,東京,20260206,2026-02-06T02:13:00Z,2026-02-06T02:13:00Z,0
2026-02-06T11:00:00Z,4201013G,25,4225,Yurakucho,有楽町,20260206,2026-02-06T02:15:00Z,2026-02-06T02:15:00Z,0
2026-02-06T11:00:00Z,4201013G,26,4226,Shimbashi,新橋,20260206,2026-02-06T02:17:00Z,2026-02-06T02:17:00Z,0
2026-02-06T11:00:00Z,4201013G,27,4227,Hamamatsucho,浜松町,20260206,2026-02-06T02:20:00Z,2026-02-06T02:20:00Z,0
2026-02-06T11:00:00Z,4201013G,28,4228,Tamachi,田町,20260206,2026-02-06T02:22:00Z,2026-02-06T02:22:00Z,0
2026-02-06T11:00:00Z,4201013G,29,4229,Takanawa Gateway,高輪ゲートウェイ,20260206,2026-02-06T02:24:00Z,2026-02-06T02:24:00Z,0
2026-02-06T11:00:00Z,4201013G,30,4230,Shinagawa,品川,20260206,2026-02-06T02:26:00Z,2026-02-06T02:26:00Z,0
2026-02-06T11:00:00Z,4201013G,31,4201,Osaki,大崎,20260206,2026-02-06T02:29:00Z,2026-02-06T02:29:00Z,0
2026-02-06T10:00:00Z,4201015G,1,4201,Osaki,大崎,20260206,2026-02-06T01:30:46Z,2026-02-06T01:30:00Z,46
2026-02-06T10:00:00Z,4201015G,2,4202,Gotanda,五反田,20260206,2026-02-06T01:32:16Z,2026-02-06T01:31:00Z,76
2026-02-06T10:00:00Z,4201015G,3,4203,Meguro,目黒,20260206,2026-02-06T01:34:47Z,2026-02-06T01:34:00Z,47
2026-02-06T10:00:00Z,4201015G,4,4204,Ebisu,恵比寿,20260206,2026-02-06T01:37:16Z,2026-02-06T01:36:00Z,76
2026-02-06T10:00:00Z,4201015G,5,4205,Shibuya,渋谷,20260206,2026-02-06T01:39:47Z,2026-02-06T01:39:00Z,47
2026-02-06T10:00:00Z,4201015G,6,4206,Harajuku,原宿,20260206,2026-02-06T01:42:17Z,2026-02-06T01:41:00Z,77
2026-02-06T10:00:00Z,4201015G,7,4207,Yoyogi,代々木,20260206,2026-02-06T01:44:16Z,2026-02-06T01:43:00Z,76
2026-02-06T10:00:00Z,4201015G,8,4208,Shinjuku,新宿,20260206,2026-02-06T01:46:47Z,2026-02-06T01:46:00Z,47
2026-02-06T10:00:00Z,4201015G,9,4209,Shin-Okubo,新大久保,20260206,2026-02-06T01:48:16Z,2026-02-06T01:48:00Z,16
2026-02-06T10:00:00Z,4201015G,10,4210,Takadanobaba,高田馬場,20260206,2026-02-06T01:50:00Z,2026-02-06T01:50:00Z,0
2026-02-06T10:00:00Z,4201015G,11,4211,Mejiro,目白,20260206,2026-02-06T01:52:00Z,2026-02-06T01:52:00Z,0
2026-02-06T10:00:00Z,4201015G,12,4212,Ikebukuro,池袋,20260206,2026-02-06T01:54:00Z,2026-02-06T01:54:00Z,0
2026-02-06T10:00:00Z,4201015G,13,4213,Otsuka,大塚,20260206,2026-02-06T01:57:00Z,2026-02-06T01:57:00Z,0
2026-02-06T10:00:00Z,4201015G,14,4214,Sugamo,巣鴨,20260206,2026-02-06T01:59:00Z,2026-02-06T01:59:00Z,0
2026-02-06T11:00:00Z,4201015G,15,4215,Komagome,駒込,20260206,2026-02-06T02:01:00Z,2026-02-06T02:01:00Z,0
2026-02-06T11:00:00Z,4201015G,16,4216,Tabata,田端,20260206,2026-02-06T02:03:00Z,2026-02-06T02:03:00Z,0
2026-02-06T11:00:00Z,4201015G,17,4217,Nishi-Nippori,西日暮里,20260206,2026-02-06T02:05:00Z,2026-02-06T02:05:00Z,0
2026-02-06T11:00:00Z,4201015G,18,4218,Nippori,日暮里,20260206,2026-02-06T02:07:00Z,2026-02-06T02:07:00Z,0
2026-02-06T11:00:00Z,4201015G,19,4219,Uguisudani,鶯谷,20260206,2026-02-06T02:08:00Z,2026-02-06T02:08:00Z,0
2026-02-06T11:00:00Z,4201015G,20,4220,Ueno,上野,20260206,2026-02-06T02:11:00Z,2026-02-06T02:11:00Z,0
2026-02-06T11:00:00Z,4201015G,21,4221,Okachimachi,御徒町,20260206,2026-02-06T02:12:00Z,2026-02-06T02:12:00Z,0
2026-02-06T11:00:00Z,4201015G,22,4222,Akihabara,秋葉原,20260206,2026-02-06T02:14:00Z,2026-02-06T02:14:00Z,0
2026-02-06T11:00:00Z,4201015G,23,4223,Kanda,神田,20260206,2026-02-06T02:16:00Z,2026-02-06T02:16:00Z,0
2026-02-06T11:00:00Z,4201015G,24,4224,Tokyo,東京,20260206,2026-02-06T02:18:00Z,2026-02-06T02:18:00Z,0
2026-02-06T11:00:00Z,4201015G,25,4225,Yurakucho,有楽町,20260206,2026-02-06T02:20:00Z,2026-02-06T02:20:00Z,0
2026-02-06T11:00:00Z,4201015G,26,4226,Shimbashi,新橋,20260206,2026-02-06T02:22:00Z,2026-02-06T02:22:00Z,0
2026-02-06T11:00:00Z,4201015G,27,4227,Hamamatsucho,浜松町,20260206,2026-02-06T02:25:00Z,2026-02-06T02:25:00Z,0
2026-02-06T11:00:00Z,4201015G,28,4228,Tamachi,田町,20260206,2026-02-06T02:27:00Z,2026-02-06T02:27:00Z,0
2026-02-06T11:00:00Z,4201015G,29,4229,Takanawa Gateway,高輪ゲートウェイ,20260206,2026-02-06T02:29:00Z,2026-02-06T02:29:00Z,0
2026-02-06T11:00:00Z,4201015G,30,4230,Shinagawa,品川,20260206,2026-02-06T02:31:00Z,2026-02-06T02:31:00Z,0
2026-02-06T11:00:00Z,4201015G,31,4201,Osaki,大崎,20260206,2026-02-06T02:34:00Z,2026-02-06T02:34:00Z,0
2026-02-06T10:00:00Z,4201017G,1,4201,Osaki,大崎,20260206,2026-02-06T01:35:47Z,2026-02-06T01:35:00Z,47
2026-02-06T10:00:00Z,4201017G,2,4202,Gotanda,五反田,20260206,2026-02-06T01:37:48Z,2026-02-06T01:36:00Z,108
2026-02-06T10:00:00Z,4201017G,3,4203,Meguro,目黒,20260206,2026-02-06T01:39:47Z,2026-02-06T01:39:00Z,47
2026-02-06T10:00:00Z,4201017G,4,4204,Ebisu,恵比寿,20260206,2026-02-06T01:42:17Z,2026-02-06T01:41:00Z,77
2026-02-06T10:00:00Z,4201017G,5,4205,Shibuya,渋谷,20260206,2026-02-06T01:45:18Z,2026-02-06T01:44:00Z,78
2026-02-06T10:00:00Z,4201017G,6,4206,Harajuku,原宿,20260206,2026-02-06T01:47:17Z,2026-02-06T01:46:00Z,77
2026-02-06T10:00:00Z,4201017G,7,4207,Yoyogi,代々木,20260206,2026-02-06T01:48:16Z,2026-02-06T01:48:00Z,16
2026-02-06T10:00:00Z,4201017G,8,4208,Shinjuku,新宿,20260206,2026-02-06T01:51:00Z,2026-02-06T01:51:00Z,0
2026-02-06T10:00:00Z,4201017G,9,4209,Shin-Okubo,新大久保,20260206,2026-02-06T01:53:00Z,2026-02-06T01:53:00Z,0
2026-02-06T10:00:00Z,4201017G,10,4210,Takadanobaba,高田馬場,20260206,2026-02-06T01:55:00Z,2026-02-06T01:55:00Z,0
2026-02-06T10:00:00Z,4201017G,11,4211,Mejiro,目白,20260206,2026-02-06T01:57:00Z,2026-02-06T01:57:00Z,0
2026-02-06T10:00:00Z,4201017G,12,4212,Ikebukuro,池袋,20260206,2026-02-06T01:59:00Z,2026-02-06T01:59:00Z,0
2026-02-06T11:00:00Z,4201017G,13,4213,Otsuka,大塚,20260206,2026-02-06T02:02:00Z,2026-02-06T02:02:00Z,0
2026-02-06T11:00:00Z,4201017G,14,4214,Sugamo,巣鴨,20260206,2026-02-06T02:04:00Z,2026-02-06T02:04:00Z,0
2026-02-06T11:00:00Z,4201017G,15,4215,Komagome,駒込,20260206,2026-02-06T02:06:00Z,2026-02-06T02:06:00Z,0
2026-02-06T11:00:00Z,4201017G,16,4216,Tabata,田端,20260206,2026-02-06T02:08:00Z,2026-02-06T02:08:00Z,0
2026-02-06T11:00:00Z,4201017G,17,4217,Nishi-Nippori,西日暮里,20260206,2026-02-06T02:10:00Z,2026-02-06T02:10:00Z,0
2026-02-06T11:00:00Z,4201017G,18,4218,Nippori,日暮里,20260206,2026-02-06T02:12:00Z,2026-02-06T02:12:00Z,0
2026-02-06T11:00:00Z,4201017G,19,4219,Uguisudani,鶯谷,20260206,2026-02-06T02:13:00Z,2026-02-06T02:13:00Z,0
2026-02-06T11:00:00Z,4201017G,20,4220,Ueno,上野,20260206,2026-02-06T02:16:00Z,2026-02-06T02:16:00Z,0
2026-02-06T11:00:00Z,4201017G,21,4221,Okachimachi,御徒町,20260206,2026-02-06T02:17:00Z,2026-02-06T02:17:00Z,0
2026-02-06T11:00:00Z,4201017G,22,4222,Akihabara,秋葉原,20260206,2026-02-06T02:19:00Z,2026-02-06T02:19:00Z,0
2026-02-06T11:00:00Z,4201017G,23,4223,Kanda,神田,20260206,2026-02-06T02:21:00Z,2026-02-06T02:21:00Z,0
2026-02-06T11:00:00Z,4201017G,24,4224,Tokyo,東京,20260206,2026-02-06T02:23:00Z,2026-02-06T02:23:00Z,0
2026-02-06T11:00:00Z,4201017G,25,4225,Yurakucho,有楽町,20260206,2026-02-06T02:25:00Z,2026-02-06T02:25:00Z,0
2026-02-06T11:00:00Z,4201017G,26,4226,Shimbashi,新橋,20260206,2026-02-06T02:27:00Z,2026-02-06T02:27:00Z,0
2026-02-06T11:00:00Z,4201017G,27,4227,Hamamatsucho,浜松町,20260206,2026-02-06T02:30:00Z,2026-02-06T02:30:00Z,0
2026-02-06T11:00:00Z,4201017G,28,4228,Tamachi,田町,20260206,2026-02-06T02:32:00Z,2026-02-06T02:32:00Z,0
2026-02-06T11:00:00Z,4201017G,29,4229,Takanawa Gateway,高輪ゲートウェイ,20260206,2026-02-06T02:34:00Z,2026-02-06T02:34:00Z,0
2026-02-06T11:00:00Z,4201017G,30,4230,Shinagawa,品川,20260206,2026-02-06T02:36:00Z,2026-02-06T02:36:00Z,0
2026-02-06T11:00:00Z,4201017G,31,4201,Osaki,大崎,20260206,2026-02-06T02:39:00Z,2026-02-06T02:39:00Z,0
2026-02-06T10:00:00Z,4201019G,1,4201,Osaki,大崎,20260206,2026-02-06T01:45:47Z,2026-02-06T01:45:00Z,47
2026-02-06T10:00:00Z,4201019G,2,4202,Gotanda,五反田,20260206,2026-02-06T01:47:17Z,2026-02-06T01:46:00Z,77
2026-02-06T10:00:00Z,4201019G,3,4203,Meguro,目黒,20260206,2026-02-06T01:49:00Z,2026-02-06T01:49:00Z,0
2026-02-06T10:00:00Z,4201019G,4,4204,Ebisu,恵比寿,20260206,2026-02-06T01:51:00Z,2026-02-06T01:51:00Z,0
2026-02-06T10:00:00Z,4201019G,5,4205,Shibuya,渋谷,20260206,2026-02-06T01:54:00Z,2026-02-06T01:54:00Z,0
2026-02-06T10:00:00Z,4201019G,6,4206,Harajuku,原宿,20260206,2026-02-06T01:56:00Z,2026-02-06T01:56:00Z,0
2026-02-06T10:00:00Z,4201019G,7,4207,Yoyogi,代々木,20260206,2026-02-06T01:58:00Z,2026-02-06T01:58:00Z,0
2026-02-06T11:00:00Z,4201019G,8,4208,Shinjuku,新宿,20260206,2026-02-06T02:01:00Z,2026-02-06T02:01:00Z,0
2026-02-06T11:00:00Z,4201019G,9,4209,Shin-Okubo,新大久保,20260206,2026-02-06T02:03:00Z,2026-02-06T02:03:00Z,0
2026-02-06T11:00:00Z,4201019G,10,4210,Takadanobaba,高田馬場,20260206,2026-02-06T02:05:00Z,2026-02-06T02:05:00Z,0
2026-02-06T11:00:00Z,4201019G,11,4211,Mejiro,目白,20260206,2026-02-06T02:07:00Z,2026-02-06T02:07:00Z,0
2026-02-06T11:00:00Z,4201019G,12,4212,Ikebukuro,池袋,20260206,2026-02-06T02:09:00Z,2026-02-06T02:09:00Z,0
2026-02-06T11:00:00Z,4201019G,13,4213,Otsuka,大塚,20260206,2026-02-06T02:12:00Z,2026-02-06T02:12:00Z,0
2026-02-06T11:00:00Z,4201019G,14,4214,Sugamo,巣鴨,20260206,2026-02-06T02:14:00Z,2026-02-06T02:14:00Z,0
2026-02-06T11:00:00Z,4201019G,15,4215,Komagome,駒込,20260206,2026-02-06T02:16:00Z,2026-02-06T02:16:00Z,0
2026-02-06T11:00:00Z,4201019G,16,4216,Tabata,田端,20260206,2026-02-06T02:18:00Z,2026-02-06T02:18:00Z,0
2026-02-06T11:00:00Z,4201019G,17,4217,Nishi-Nippori,西日暮里,20260206,2026-02-06T02:20:00Z,2026-02-06T02:20:00Z,0
2026-02-06T11:00:00Z,4201019G,18,4218,Nippori,日暮里,20260206,2026-02-06T02:22:00Z,2026-02-06T02:22:00Z,0
2026-02-06T11:00:00Z,4201019G,19,4219,Uguisudani,鶯谷,20260206,2026-02-06T02:23:00Z,2026-02-06T02:23:00Z,0
2026-02-06T11:00:00Z,4201019G,20,4220,Ueno,上野,20260206,2026-02-06T02:26:00Z,2026-02-06T02:26:00Z,0
2026-02-06T11:00:00Z,4201019G,21,4221,Okachimachi,御徒町,20260206,2026-02-06T02:27:00Z,2026-02-06T02:27:00Z,0
2026-02-06T11:00:00Z,4201019G,22,4222,Akihabara,秋葉原,20260206,2026-02-06T02:29:00Z,2026-02-06T02:29:00Z,0
2026-02-06T11:00:00Z,4201019G,23,4223,Kanda,神田,20260206,2026-02-06T02:31:00Z,2026-02-06T02:31:00Z,0
2026-02-06T11:00:00Z,4201019G,24,4224,Tokyo,東京,20260206,2026-02-06T02:33:00Z,2026-02-06T02:33:00Z,0
2026-02-06T11:00:00Z,4201019G,25,4225,Yurakucho,有楽町,20260206,2026-02-06T02:35:00Z,2026-02-06T02:35:00Z,0
2026-02-06T11:00:00Z,4201019G,26,4226,Shimbashi,新橋,20260206,2026-02-06T02:37:00Z,2026-02-06T02:37:00Z,0
2026-02-06T11:00:00Z,4201019G,27,4227,Hamamatsucho,浜松町,20260206,2026-02-06T02:40:00Z,2026-02-06T02:40:00Z,0
2026-02-06T11:00:00Z,4201019G,28,4228,Tamachi,田町,20260206,2026-02-06T02:42:00Z,2026-02-06T02:42:00Z,0
2026-02-06T11:00:00Z,4201019G,29,4229,Takanawa Gateway,高輪ゲートウェイ,20260206,2026-02-06T02:44:00Z,2026-02-06T02:44:00Z,0
2026-02-06T11:00:00Z,4201019G,30,4230,Shinagawa,品川,20260206,2026-02-06T02:46:00Z,2026-02-06T02:46:00Z,0
2026-02-06T11:00:00Z,4201019G,31,4201,Osaki,大崎,20260206,2026-02-06T02:49:00Z,2026-02-06T02:49:00Z,0
2026-02-06T10:00:00Z,4201023G,1,4201,Osaki,大崎,20260206,2026-02-06T01:05:46Z,2026-02-06T01:05:00Z,46
2026-02-06T10:00:00Z,4201023G,2,4202,Gotanda,五反田,20260206,2026-02-06T01:07:16Z,2026-02-06T01:06:00Z,76
2026-02-06T10:00:00Z,4201023G,3,4203,Meguro,目黒,20260206,2026-02-06T01:09:46Z,2026-02-06T01:09:00Z,46
2026-02-06T10:00:00Z,4201023G,4,4204,Ebisu,恵比寿,20260206,2026-02-06T01:12:16Z,2026-02-06T01:11:00Z,76
2026-02-06T10:00:00Z,4201023G,5,4205,Shibuya,渋谷,20260206,2026-02-06T01:14:46Z,2026-02-06T01:14:00Z,46
2026-02-06T10:00:00Z,4201023G,6,4206,Harajuku,原宿,20260206,2026-02-06T01:17:16Z,2026-02-06T01:16:00Z,76
2026-02-06T10:00:00Z,4201023G,7,4207,Yoyogi,代々木,20260206,2026-02-06T01:19:17Z,2026-02-06T01:18:00Z,77
2026-02-06T10:00:00Z,4201023G,8,4208,Shinjuku,新宿,20260206,2026-02-06T01:21:47Z,2026-02-06T01:21:00Z,47
2026-02-06T10:00:00Z,4201023G,9,4209,Shin-Okubo,新大久保,20260206,2026-02-06T01:23:47Z,2026-02-06T01:23:00Z,47
2026-02-06T10:00:00Z,4201023G,10,4210,Takadanobaba,高田馬場,20260206,2026-02-06T01:25:46Z,2026-02-06T01:25:00Z,46
2026-02-06T10:00:00Z,4201023G,11,4211,Mejiro,目白,20260206,2026-02-06T01:27:47Z,2026-02-06T01:27:00Z,47
2026-02-06T10:00:00Z,4201023G,12,4212,Ikebukuro,池袋,20260206,2026-02-06T01:30:17Z,2026-02-06T01:29:00Z,77
2026-02-06T10:00:00Z,4201023G,13,4213,Otsuka,大塚,20260206,2026-02-06T01:33:17Z,2026-02-06T01:32:00Z,77
2026-02-06T10:00:00Z,4201023G,14,4214,Sugamo,巣鴨,20260206,2026-02-06T01:34:47Z,2026-02-06T01:34:00Z,47
2026-02-06T10:00:00Z,4201023G,15,4215,Komagome,駒込,20260206,2026-02-06T01:36:48Z,2026-02-06T01:36:00Z,48
2026-02-06T10:00:00Z,4201023G,16,4216,Tabata,田端,20260206,2026-02-06T01:39:16Z,2026-02-06T01:38:00Z,76
2026-02-06T10:00:00Z,4201023G,17,4217,Nishi-Nippori,西日暮里,20260206,2026-02-06T01:40:46Z,2026-02-06T01:40:00Z,46
2026-02-06T10:00:00Z,4201023G,18,4218,Nippori,日暮里,20260206,2026-02-06T01:42:17Z,2026-02-06T01:42:00Z,17
2026-02-06T10:00:00Z,4201023G,19,4219,Uguisudani,鶯谷,20260206,2026-02-06T01:44:16Z,2026-02-06T01:43:00Z,76
2026-02-06T10:00:00Z,4201023G,20,4220,Ueno,上野,20260206,2026-02-06T01:46:47Z,2026-02-06T01:46:00Z,47
2026-02-06T10:00:00Z,4201023G,21,4221,Okachimachi,御徒町,20260206,2026-02-06T01:48:16Z,2026-02-06T01:47:00Z,76
2026-02-06T10:00:00Z,4201023G,22,4222,Akihabara,秋葉原,20260206,2026-02-06T01:49:00Z,2026-02-06T01:49:00Z,0
2026-02-06T10:00:00Z,4201023G,23,4223,Kanda,神田,20260206,2026-02-06T01:51:00Z,2026-02-06T01:51:00Z,0
2026-02-06T10:00:00Z,4201023G,24,4224,Tokyo,東京,20260206,2026-02-06T01:53:00Z,2026-02-06T01:53:00Z,0
2026-02-06T10:00:00Z,4201023G,25,4225,Yurakucho,有楽町,20260206,2026-02-06T01:55:00Z,2026-02-06T01:55:00Z,0
2026-02-06T10:00:00Z,4201023G,26,4226,Shimbashi,新橋,20260206,2026-02-06T01:57:00Z,2026-02-06T01:57:00Z,0
2026-02-06T11:00:00Z,4201023G,27,4227,Hamamatsucho,浜松町,20260206,2026-02-06T02:00:00Z,2026-02-06T02:00:00Z,0
2026-02-06T11:00:00Z,4201023G,28,4228,Tamachi,田町,20260206,2026-02-06T02:02:00Z,2026-02-06T02:02:00Z,0
2026-02-06T11:00:00Z,4201023G,29,4229,Takanawa Gateway,高輪ゲートウェイ,20260206,2026-02-06T02:04:00Z,2026-02-06T02:04:00Z,0
2026-02-06T11:00:00Z,4201023G,30,4230,Shinagawa,品川,20260206,2026-02-06T02:06:00Z,2026-02-06T02:06:00Z,0
2026-02-06T11:00:00Z,4201023G,31,4201,Osaki,大崎,20260206,2026-02-06T02:09:00Z,2026-02-06T02:09:00Z,0
2026-02-06T10:00:00Z,4201029G,1,4201,Osaki,大崎,20260206,2026-02-06T01:40:46Z,2026-02-06T01:40:00Z,46
2026-02-06T10:00:00Z,4201029G,2,4202,Gotanda,五反田,20260206,2026-02-06T01:42:47Z,2026-02-06T01:41:00Z,107
2026-02-06T10:00:00Z,4201029G,3,4203,Meguro,目黒,20260206,2026-02-06T01:44:47Z,2026-02-06T01:44:00Z,47
2026-02-06T10:00:00Z,4201029G,4,4204,Ebisu,恵比寿,20260206,2026-02-06T01:47:17Z,2026-02-06T01:46:00Z,77
2026-02-06T10:00:00Z,4201029G,5,4205,Shibuya,渋谷,20260206,2026-02-06T01:49:00Z,2026-02-06T01:49:00Z,0
2026-02-06T10:00:00Z,4201029G,6,4206,Harajuku,原宿,20260206,2026-02-06T01:51:00Z,2026-02-06T01:51:00Z,0
2026-02-06T10:00:00Z,4201029G,7,4207,Yoyogi,代々木,20260206,2026-02-06T01:53:00Z,2026-02-06T01:53:00Z,0
2026-02-06T10:00:00Z,4201029G,8,4208,Shinjuku,新宿,20260206,2026-02-06T01:56:00Z,2026-02-06T01:56:00Z,0
2026-02-06T10:00:00Z,4201029G,9,4209,Shin-Okubo,新大久保,20260206,2026-02-06T01:58:00Z,2026-02-06T01:58:00Z,0
2026-02-06T11:00:00Z,4201029G,10,4210,Takadanobaba,高田馬場,20260206,2026-02-06T02:00:00Z,2026-02-06T02:00:00Z,0
2026-02-06T11:00:00Z,4201029G,11,4211,Mejiro,目白,20260206,2026-02-06T02:02:00Z,2026-02-06T02:02:00Z,0
2026-02-06T11:00:00Z,4201029G,12,4212,Ikebukuro,池袋,20260206,2026-02-06T02:04:00Z,2026-02-06T02:04:00Z,0
2026-02-06T11:00:00Z,4201029G,13,4213,Otsuka,大塚,20260206,2026-02-06T02:07:00Z,2026-02-06T02:07:00Z,0
2026-02-06T11:00:00Z,4201029G,14,4214,Sugamo,巣鴨,20260206,2026-02-06T02:09:00Z,2026-02-06T02:09:00Z,0
2026-02-06T11:00:00Z,4201029G,15,4215,Komagome,駒込,20260206,2026-02-06T02:11:00Z,2026-02-06T02:11:00Z,0
2026-02-06T11:00:00Z,4201029G,16,4216,Tabata,田端,20260206,2026-02-06T02:13:00Z,2026-02-06T02:13:00Z,0
2026-02-06T11:00:00Z,4201029G,17,4217,Nishi-Nippori,西日暮里,20260206,2026-02-06T02:15:00Z,2026-02-06T02:15:00Z,0
2026-02-06T11:00:00Z,4201029G,18,4218,Nippori,日暮里,20260206,2026-02-06T02:17:00Z,2026-02-06T02:17:00Z,0
2026-02-06T11:00:00Z,4201029G,19,4219,Uguisudani,鶯谷,20260206,2026-02-06T02:18:00Z,2026-02-06T02:18:00Z,0
2026-02-06T11:00:00Z,4201029G,20,4220,Ueno,上野,20260206,2026-02-06T02:21:00Z,2026-02-06T02:21:00Z,0
2026-02-06T11:00:00Z,4201029G,21,4221,Okachimachi,御徒町,20260206,2026-02-06T02:22:00Z,2026-02-06T02:22:00Z,0
2026-02-06T11:00:00Z,4201029G,22,4222,Akihabara,秋葉原,20260206,2026-02-06T02:24:00Z,2026-02-06T02:24:00Z,0
2026-02-06T11:00:00Z,4201029G,23,4223,Kanda,神田,20260206,2026-02-06T02:26:00Z,2026-02-06T02:26:00Z,0
2026-02-06T11:00:00Z,4201029G,24,4224,Tokyo,東京,20260206,2026-02-06T02:28:00Z,2026-02-06T02:28:00Z,0
2026-02-06T11:00:00Z,4201029G,25,4225,Yurakucho,有楽町,20260206,2026-02-06T02:30:00Z,2026-02-06T02:30:00Z,0
2026-02-06T11:00:00Z,4201029G,26,4226,Shimbashi,新橋,20260206,2026-02-06T02:32:00Z,2026-02-06T02:32:00Z,0
2026-02-06T11:00:00Z,4201029G,27,4227,Hamamatsucho,浜松町,20260206,2026-02-06T02:35:00Z,2026-02-06T02:35:00Z,0
2026-02-06T11:00:00Z,4201029G,28,4228,Tamachi,田町,20260206,2026-02-06T02:37:00Z,2026-02-06T02:37:00Z,0
2026-02-06T11:00:00Z,4201029G,29,4229,Takanawa Gateway,高輪ゲートウェイ,20260206,2026-02-06T02:39:00Z,2026-02-06T02:39:00Z,0
2026-02-06T11:00:00Z,4201029G,30,4230,Shinagawa,品川,20260206,2026-02-06T02:41:00Z,2026-02-06T02:41:00Z,0
2026-02-06T11:00:00Z,4201029G,31,4201,Osaki,大崎,20260206,2026-02-06T02:44:00Z,2026-02-06T02:44:00Z,0
2026-02-06T09:00:00Z,4201033G,1,4201,Osaki,大崎,20260206,2026-02-06T00:59:46Z,2026-02-06T01:00:00Z,-14
2026-02-06T10:00:00Z,4201033G,2,4202,Gotanda,五反田,20260206,2026-02-06T01:02:17Z,2026-02-06T01:01:00Z,77
2026-02-06T10:00:00Z,4201033G,3,4203,Meguro,目黒,20260206,2026-02-06T01:04:18Z,2026-02-06T01:04:00Z,18
2026-02-06T10:00:00Z,4201033G,4,4204,Ebisu,恵比寿,20260206,2026-02-06T01:06:47Z,2026-02-06T01:06:00Z,47
2026-02-06T10:00:00Z,4201033G,5,4205,Shibuya,渋谷,20260206,2026-02-06T01:09:46Z,2026-02-06T01:09:00Z,46
2026-02-06T10:00:00Z,4201033G,6,4206,Harajuku,原宿,20260206,2026-02-06T01:12:16Z,2026-02-06T01:11:00Z,76
2026-02-06T10:00:00Z,4201033G,7,4207,Yoyogi,代々木,20260206,2026-02-06T01:14:16Z,2026-02-06T01:13:00Z,76
2026-02-06T10:00:00Z,4201033G,8,4208,Shinjuku,新宿,20260206,2026-02-06T01:17:16Z,2026-02-06T01:16:00Z,76
2026-02-06T10:00:00Z,4201033G,9,4209,Shin-Okubo,新大久保,20260206,2026-02-06T01:18:47Z,2026-02-06T01:18:00Z,47
2026-02-06T10:00:00Z,4201033G,10,4210,Takadanobaba,高田馬場,20260206,2026-02-06T01:21:16Z,2026-02-06T01:20:00Z,76
2026-02-06T10:00:00Z,4201033G,11,4211,Mejiro,目白,20260206,2026-02-06T01:22:47Z,2026-02-06T01:22:00Z,47
2026-02-06T10:00:00Z,4201033G,12,4212,Ikebukuro,池袋,20260206,2026-02-06T01:25:46Z,2026-02-06T01:24:00Z,106
2026-02-06T10:00:00Z,4201033G,13,4213,Otsuka,大塚,20260206,2026-02-06T01:27:47Z,2026-02-06T01:27:00Z,47
2026-02-06T10:00:00Z,4201033G,14,4214,Sugamo,巣鴨,20260206,2026-02-06T01:30:17Z,2026-02-06T01:29:00Z,77
2026-02-06T10:00:00Z,4201033G,15,4215,Komagome,駒込,20260206,2026-02-06T01:31:47Z,2026-02-06T01:31:00Z,47
2026-02-06T10:00:00Z,4201033G,16,4216,Tabata,田端,20260206,2026-02-06T01:34:17Z,2026-02-06T01:33:00Z,77
2026-02-06T10:00:00Z,4201033G,17,4217,Nishi-Nippori,西日暮里,20260206,2026-02-06T01:35:47Z,2026-02-06T01:35:00Z,47
2026-02-06T10:00:00Z,4201033G,18,4218,Nippori,日暮里,20260206,2026-02-06T01:37:48Z,2026-02-06T01:37:00Z,48
2026-02-06T10:00:00Z,4201033G,19,4219,Uguisudani,鶯谷,20260206,2026-02-06T01:39:47Z,2026-02-06T01:38:00Z,107
2026-02-06T10:00:00Z,4201033G,20,4220,Ueno,上野,20260206,2026-02-06T01:41:46Z,2026-02-06T01:41:00Z,46
2026-02-06T10:00:00Z,4201033G,21,4221,Okachimachi,御徒町,20260206,2026-02-06T01:43:46Z,2026-02-06T01:42:00Z,106
2026-02-06T10:00:00Z,4201033G,22,4222,Akihabara,秋葉原,20260206,2026-02-06T01:45:18Z,2026-02-06T01:44:00Z,78
2026-02-06T10:00:00Z,4201033G,23,4223,Kanda,神田,20260206,2026-02-06T01:47:17Z,2026-02-06T01:46:00Z,77
2026-02-06T10:00:00Z,4201033G,24,4224,Tokyo,東京,20260206,2026-02-06T01:48:16Z,2026-02-06T01:48:00Z,16
2026-02-06T10:00:00Z,4201033G,25,4225,Yurakucho,有楽町,20260206,2026-02-06T01:50:00Z,2026-02-06T01:50:00Z,0
2026-02-06T10:00:00Z,4201033G,26,4226,Shimbashi,新橋,20260206,2026-02-06T01:52:00Z,2026-02-06T01:52:00Z,0
2026-02-06T10:00:00Z,4201033G,27,4227,Hamamatsucho,浜松町,20260206,2026-02-06T01:55:00Z,2026-02-06T01:55:00Z,0
2026-02-06T10:00:00Z,4201033G,28,4228,Tamachi,田町,20260206,2026-02-06T01:57:00Z,2026-02-06T01:57:00Z,0
2026-02-06T10:00:00Z,4201033G,29,4229,Takanawa Gateway,高輪ゲートウェイ,20260206,2026-02-06T01:59:00Z,2026-02-06T01:59:00Z,0
2026-02-06T11:00:00Z,4201033G,30,4230,Shinagawa,品川,20260206,2026-02-06T02:01:00Z,2026-02-06T02:01:00Z,0
2026-02-06T11:00:00Z,4201033G,31,4201,Osaki,大崎,20260206,2026-02-06T02:04:00Z,2026-02-06T02:04:00Z,0
2026-02-06T09:00:00Z,4210906G,1,4201,Osaki,大崎,20260206,2026-02-06T00:58:47Z,2026-02-06T00:58:00Z,47
2026-02-06T10:00:00Z,4210906G,2,4230,Shinagawa,品川,20260206,2026-02-06T01:01:48Z,2026-02-06T01:01:00Z,48
2026-02-06T10:00:00Z,4210906G,3,4229,Takanawa Gateway,高輪ゲートウェイ,20260206,2026-02-06T01:03:47Z,2026-02-06T01:03:00Z,47
2026-02-06T10:00:00Z,4210906G,4,4228,Tamachi,田町,20260206,2026-02-06T01:06:16Z,2026-02-06T01:05:00Z,76
2026-02-06T10:00:00Z,4210906G,5,4227,Hamamatsucho,浜松町,20260206,2026-02-06T01:08:46Z,2026-02-06T01:07:00Z,106
2026-02-06T10:00:00Z,4210906G,6,4226,Shimbashi,新橋,20260206,2026-02-06T01:10:47Z,2026-02-06T01:10:00Z,47
2026-02-06T10:00:00Z,4210906G,7,4225,Yurakucho,有楽町,20260206,2026-02-06T01:12:47Z,2026-02-06T01:12:00Z,47
2026-02-06T10:00:00Z,4210906G,8,4224,Tokyo,東京,20260206,2026-02-06T01:14:46Z,2026-02-06T01:14:00Z,46
2026-02-06T10:00:00Z,4210906G,9,4223,Kanda,神田,20260206,2026-02-06T01:17:16Z,2026-02-06T01:16:00Z,76
2026-02-06T10:00:00Z,4210906G,10,4222,Akihabara,秋葉原,20260206,2026-02-06T01:19:17Z,2026-02-06T01:18:00Z,77
2026-02-06T10:00:00Z,4210906G,11,4221,Okachimachi,御徒町,20260206,2026-02-06T01:20:47Z,2026-02-06T01:20:00Z,47
2026-02-06T10:00:00Z,4210906G,12,4220,Ueno,上野,20260206,2026-02-06T01:22:47Z,2026-02-06T01:21:00Z,107
2026-02-06T10:00:00Z,4210906G,13,4219,Uguisudani,鶯谷,20260206,2026-02-06T01:24:46Z,2026-02-06T01:23:00Z,106
2026-02-06T10:00:00Z,4210906G,14,4218,Nippori,日暮里,20260206,2026-02-06T01:26:47Z,2026-02-06T01:25:00Z,107
2026-02-06T10:00:00Z,4210906G,15,4217,Nishi-Nippori,西日暮里,20260206,2026-02-06T01:28:16Z,2026-02-06T01:27:00Z,76
2026-02-06T10:00:00Z,4210906G,16,4216,Tabata,田端,20260206,2026-02-06T01:30:17Z,2026-02-06T01:29:00Z,77
2026-02-06T10:00:00Z,4210906G,17,4215,Komagome,駒込,20260206,2026-02-06T01:32:32Z,2026-02-06T01:31:00Z,92
2026-02-06T10:00:00Z,4210906G,18,4214,Sugamo,巣鴨,20260206,2026-02-06T01:34:17Z,2026-02-06T01:33:00Z,77
2026-02-06T10:00:00Z,4210906G,19,4213,Otsuka,大塚,20260206,2026-02-06T01:36:48Z,2026-02-06T01:35:00Z,108
2026-02-06T10:00:00Z,4210906G,20,4212,Ikebukuro,池袋,20260206,2026-02-06T01:39:47Z,2026-02-06T01:38:00Z,107
2026-02-06T10:00:00Z,4210906G,21,4211,Mejiro,目白,20260206,2026-02-06T01:41:46Z,2026-02-06T01:40:00Z,106
2026-02-06T10:00:00Z,4210906G,22,4210,Takadanobaba,高田馬場,20260206,2026-02-06T01:43:46Z,2026-02-06T01:42:00Z,106
2026-02-06T10:00:00Z,4210906G,23,4209,Shin-Okubo,新大久保,20260206,2026-02-06T01:46:17Z,2026-02-06T01:44:00Z,137
2026-02-06T10:00:00Z,4210906G,24,4208,Shinjuku,新宿,20260206,2026-02-06T01:48:16Z,2026-02-06T01:47:00Z,76
2026-02-06T10:00:00Z,4210906G,25,4207,Yoyogi,代々木,20260206,2026-02-06T01:49:00Z,2026-02-06T01:49:00Z,0
2026-02-06T10:00:00Z,4210906G,26,4206,Harajuku,原宿,20260206,2026-02-06T01:51:00Z,2026-02-06T01:51:00Z,0
2026-02-06T10:00:00Z,4210906G,27,4205,Shibuya,渋谷,20260206,2026-02-06T01:54:00Z,2026-02-06T01:54:00Z,0
2026-02-06T10:00:00Z,4210906G,28,4204,Ebisu,恵比寿,20260206,2026-02-06T01:56:00Z,2026-02-06T01:56:00Z,0
2026-02-06T10:00:00Z,4210906G,29,4203,Meguro,目黒,20260206,2026-02-06T01:58:00Z,2026-02-06T01:58:00Z,0
2026-02-06T11:00:00Z,4210906G,30,4202,Gotanda,五反田,20260206,2026-02-06T02:01:00Z,2026-02-06T02:01:00Z,0
2026-02-06T11:00:00Z,4210906G,31,4201,Osaki,大崎,20260206,2026-02-06T02:02:00Z,2026-02-06T02:02:00Z,0
2026-02-06T09:00:00Z,4210916G,1,4201,Osaki,大崎,20260206,2026-02-06T00:46:46Z,2026-02-06T00:46:00Z,46
2026-02-06T09:00:00Z,4210916G,2,4230,Shinagawa,品川,20260206,2026-02-06T00:49:47Z,2026-02-06T00:49:00Z,47
2026-02-06T09:00:00Z,4210916G,3,4229,Takanawa Gateway,高輪ゲートウェイ,20260206,2026-02-06T00:51:48Z,2026-02-06T00:51:00Z,48
2026-02-06T09:00:00Z,4210916G,4,4228,Tamachi,田町,20260206,2026-02-06T00:54:16Z,2026-02-06T00:53:00Z,76
2026-02-06T09:00:00Z,4210916G,5,4227,Hamamatsucho,浜松町,20260206,2026-02-06T00:56:47Z,2026-02-06T00:55:00Z,107
2026-02-06T09:00:00Z,4210916G,6,4226,Shimbashi,新橋,20260206,2026-02-06T00:58:47Z,2026-02-06T00:58:00Z,47
2026-02-06T10:00:00Z,4210916G,7,4225,Yurakucho,有楽町,20260206,2026-02-06T01:00:32Z,2026-02-06T01:00:00Z,32
2026-02-06T10:00:00Z,4210916G,8,4224,Tokyo,東京,20260206,2026-02-06T01:02:46Z,2026-02-06T01:02:00Z,46
2026-02-06T10:00:00Z,4210916G,9,4223,Kanda,神田,20260206,2026-02-06T01:04:47Z,2026-02-06T01:04:00Z,47
2026-02-06T10:00:00Z,4210916G,10,4222,Akihabara,秋葉原,20260206,2026-02-06T01:06:47Z,2026-02-06T01:06:00Z,47
2026-02-06T10:00:00Z,4210916G,11,4221,Okachimachi,御徒町,20260206,2026-02-06T01:08:46Z,2026-02-06T01:08:00Z,46
2026-02-06T10:00:00Z,4210916G,12,4220,Ueno,上野,20260206,2026-02-06T01:10:17Z,2026-02-06T01:09:00Z,77
2026-02-06T10:00:00Z,4210916G,13,4219,Uguisudani,鶯谷,20260206,2026-02-06T01:12:16Z,2026-02-06T01:11:00Z,76
2026-02-06T10:00:00Z,4210916G,14,4218,Nippori,日暮里,20260206,2026-02-06T01:14:16Z,2026-02-06T01:13:00Z,76
2026-02-06T10:00:00Z,4210916G,15,4217,Nishi-Nippori,西日暮里,20260206,2026-02-06T01:15:46Z,2026-02-06T01:15:00Z,46
2026-02-06T10:00:00Z,4210916G,16,4216,Tabata,田端,20260206,2026-02-06T01:17:49Z,2026-02-06T01:17:00Z,49
2026-02-06T10:00:00Z,4210916G,17,4215,Komagome,駒込,20260206,2026-02-06T01:20:17Z,2026-02-06T01:19:00Z,77
2026-02-06T10:00:00Z,4210916G,18,4214,Sugamo,巣鴨,20260206,2026-02-06T01:21:47Z,2026-02-06T01:21:00Z,47
2026-02-06T10:00:00Z,4210916G,19,4213,Otsuka,大塚,20260206,2026-02-06T01:23:47Z,2026-02-06T01:23:00Z,47
2026-02-06T10:00:00Z,4210916G,20,4212,Ikebukuro,池袋,20260206,2026-02-06T01:27:17Z,2026-02-06T01:26:00Z,77
2026-02-06T10:00:00Z,4210916G,21,4211,Mejiro,目白,20260206,2026-02-06T01:29:17Z,2026-02-06T01:28:00Z,77
2026-02-06T10:00:00Z,4210916G,22,4210,Takadanobaba,高田馬場,20260206,2026-02-06T01:31:17Z,2026-02-06T01:30:00Z,77
2026-02-06T10:00:00Z,4210916G,23,4209,Shin-Okubo,新大久保,20260206,2026-02-06T01:33:48Z,2026-02-06T01:32:00Z,108
2026-02-06T10:00:00Z,4210916G,24,4208,Shinjuku,新宿,20260206,2026-02-06T01:36:48Z,2026-02-06T01:35:00Z,108
2026-02-06T10:00:00Z,4210916G,25,4207,Yoyogi,代々木,20260206,2026-02-06T01:38:47Z,2026-02-06T01:37:00Z,107
2026-02-06T10:00:00Z,4210916G,26,4206,Harajuku,原宿,20260206,2026-02-06T01:41:46Z,2026-02-06T01:39:00Z,166
2026-02-06T10:00:00Z,4210916G,27,4205,Shibuya,渋谷,20260206,2026-02-06T01:44:16Z,2026-02-06T01:43:00Z,76
2026-02-06T10:00:00Z,4210916G,28,4204,Ebisu,恵比寿,20260206,2026-02-06T01:46:47Z,2026-02-06T01:45:00Z,107
2026-02-06T10:00:00Z,4210916G,29,4203,Meguro,目黒,20260206,2026-02-06T01:48:16Z,2026-02-06T01:48:00Z,16
2026-02-06T10:00:00Z,4210916G,30,4202,Gotanda,五反田,20260206,2026-02-06T01:50:00Z,2026-02-06T01:50:00Z,0
2026-02-06T10:00:00Z,4210916G,31,4201,Osaki,大崎,20260206,2026-02-06T01:51:00Z,2026-02-06T01:51:00Z,0
2026-02-06T09:00:00Z,4210962G,1,4201,Osaki,大崎,20260206,2026-02-06T00:50:16Z,2026-02-06T00:49:00Z,76
2026-02-06T09:00:00Z,4210962G,2,4230,Shinagawa,品川,20260206,2026-02-06T00:53:46Z,2026-02-06T00:52:00Z,106
2026-02-06T09:00:00Z,4210962G,3,4229,Takanawa Gateway,高輪ゲートウェイ,20260206,2026-02-06T00:55:17Z,2026-02-06T00:54:00Z,77
2026-02-06T09:00:00Z,4210962G,4,4228,Tamachi,田町,20260206,2026-02-06T00:57:47Z,2026-02-06T00:57:00Z,47
2026-02-06T10:00:00Z,4210962G,5,4227,Hamamatsucho,浜松町,20260206,2026-02-06T01:00:16Z,2026-02-06T00:59:00Z,76
2026-02-06T10:00:00Z,4210962G,6,4226,Shimbashi,新橋,20260206,2026-02-06T01:02:17Z,2026-02-06T01:01:00Z,77
2026-02-06T10:00:00Z,4210962G,7,4225,Yurakucho,有楽町,20260206,2026-02-06T01:04:18Z,2026-02-06T01:03:00Z,78
2026-02-06T10:00:00Z,4210962G,8,4224,Tokyo,東京,20260206,2026-02-06T01:06:47Z,2026-02-06T01:05:00Z,107
2026-02-06T10:00:00Z,4210962G,9,4223,Kanda,神田,20260206,2026-02-06T01:08:46Z,2026-02-06T01:08:00Z,46
2026-02-06T10:00:00Z,4210962G,10,4222,Akihabara,秋葉原,20260206,2026-02-06T01:10:47Z,2026-02-06T01:09:00Z,107
2026-02-06T10:00:00Z,4210962G,11,4221,Okachimachi,御徒町,20260206,2026-02-06T01:12:16Z,2026-02-06T01:11:00Z,76
2026-02-06T10:00:00Z,4210962G,12,4220,Ueno,上野,20260206,2026-02-06T01:14:16Z,2026-02-06T01:13:00Z,76
2026-02-06T10:00:00Z,4210962G,13,4219,Uguisudani,鶯谷,20260206,2026-02-06T01:16:16Z,2026-02-06T01:15:00Z,76
2026-02-06T10:00:00Z,4210962G,14,4218,Nippori,日暮里,20260206,2026-02-06T01:18:17Z,2026-02-06T01:17:00Z,77
2026-02-06T10:00:00Z,4210962G,15,4217,Nishi-Nippori,西日暮里,20260206,2026-02-06T01:19:47Z,2026-02-06T01:19:00Z,47
2026-02-06T10:00:00Z,4210962G,16,4216,Tabata,田端,20260206,2026-02-06T01:21:16Z,2026-02-06T01:20:00Z,76
2026-02-06T10:00:00Z,4210962G,17,4215,Komagome,駒込,20260206,2026-02-06T01:23:46Z,2026-02-06T01:23:00Z,46
2026-02-06T10:00:00Z,4210962G,18,4214,Sugamo,巣鴨,20260206,2026-02-06T01:25:46Z,2026-02-06T01:25:00Z,46
2026-02-06T10:00:00Z,4210962G,19,4213,Otsuka,大塚,20260206,2026-02-06T01:28:16Z,2026-02-06T01:27:00Z,76
2026-02-06T10:00:00Z,4210962G,20,4212,Ikebukuro,池袋,20260206,2026-02-06T01:31:47Z,2026-02-06T01:31:00Z,47
2026-02-06T10:00:00Z,4210962G,21,4211,Mejiro,目白,20260206,2026-02-06T01:33:48Z,2026-02-06T01:33:00Z,48
2026-02-06T10:00:00Z,4210962G,22,4210,Takadanobaba,高田馬場,20260206,2026-02-06T01:35:47Z,2026-02-06T01:35:00Z,47
2026-02-06T10:00:00Z,4210962G,23,4209,Shin-Okubo,新大久保,20260206,2026-02-06T01:37:48Z,2026-02-06T01:37:00Z,48
2026-02-06T10:00:00Z,4210962G,24,4208,Shinjuku,新宿,20260206,2026-02-06T01:40:46Z,2026-02-06T01:40:00Z,46
2026-02-06T10:00:00Z,4210962G,25,4207,Yoyogi,代々木,20260206,2026-02-06T01:42:47Z,2026-02-06T01:42:00Z,47
2026-02-06T10:00:00Z,4210962G,26,4206,Harajuku,原宿,20260206,2026-02-06T01:45:18Z,2026-02-06T01:44:00Z,78
2026-02-06T10:00:00Z,4210962G,27,4205,Shibuya,渋谷,20260206,2026-02-06T01:48:16Z,2026-02-06T01:47:00Z,76
2026-02-06T10:00:00Z,4210962G,28,4204,Ebisu,恵比寿,20260206,2026-02-06T01:49:00Z,2026-02-06T01:49:00Z,0
2026-02-06T10:00:00Z,4210962G,29,4203,Meguro,目黒,20260206,2026-02-06T01:52:00Z,2026-02-06T01:52:00Z,0
2026-02-06T10:00:00Z,4210962G,30,4202,Gotanda,五反田,20260206,2026-02-06T01:54:00Z,2026-02-06T01:54:00Z,0
2026-02-06T10:00:00Z,4210962G,31,4201,Osaki,大崎,20260206,2026-02-06T01:55:00Z,2026-02-06T01:55:00Z,0
2026-02-06T09:00:00Z,4210972G,1,4201,Osaki,大崎,20260206,2026-02-06T00:54:16Z,2026-02-06T00:53:00Z,76
2026-02-06T09:00:00Z,4210972G,2,4230,Shinagawa,品川,20260206,2026-02-06T00:57:17Z,2026-02-06T00:56:00Z,77
2026-02-06T09:00:00Z,4210972G,3,4229,Takanawa Gateway,高輪ゲートウェイ,20260206,2026-02-06T00:59:16Z,2026-02-06T00:58:00Z,76
2026-02-06T10:00:00Z,4210972G,4,4228,Tamachi,田町,20260206,2026-02-06T01:01:48Z,2026-02-06T01:01:00Z,48
2026-02-06T10:00:00Z,4210972G,5,4227,Hamamatsucho,浜松町,20260206,2026-02-06T01:04:18Z,2026-02-06T01:03:00Z,78
2026-02-06T10:00:00Z,4210972G,6,4226,Shimbashi,新橋,20260206,2026-02-06T01:06:16Z,2026-02-06T01:05:00Z,76
2026-02-06T10:00:00Z,4210972G,7,4225,Yurakucho,有楽町,20260206,2026-02-06T01:08:01Z,2026-02-06T01:07:00Z,61
2026-02-06T10:00:00Z,4210972G,8,4224,Tokyo,東京,20260206,2026-02-06T01:10:47Z,2026-02-06T01:09:00Z,107
2026-02-06T10:00:00Z,4210972G,9,4223,Kanda,神田,20260206,2026-02-06T01:12:47Z,2026-02-06T01:12:00Z,47
2026-02-06T10:00:00Z,4210972G,10,4222,Akihabara,秋葉原,20260206,2026-02-06T01:14:16Z,2026-02-06T01:13:00Z,76
2026-02-06T10:00:00Z,4210972G,11,4221,Okachimachi,御徒町,20260206,2026-02-06T01:16:16Z,2026-02-06T01:15:00Z,76
2026-02-06T10:00:00Z,4210972G,12,4220,Ueno,上野,20260206,2026-02-06T01:18:17Z,2026-02-06T01:17:00Z,77
2026-02-06T10:00:00Z,4210972G,13,4219,Uguisudani,鶯谷,20260206,2026-02-06T01:20:17Z,2026-02-06T01:19:00Z,77
2026-02-06T10:00:00Z,4210972G,14,4218,Nippori,日暮里,20260206,2026-02-06T01:22:17Z,2026-02-06T01:21:00Z,77
2026-02-06T10:00:00Z,4210972G,15,4217,Nishi-Nippori,西日暮里,20260206,2026-02-06T01:23:47Z,2026-02-06T01:23:00Z,47
2026-02-06T10:00:00Z,4210972G,16,4216,Tabata,田端,20260206,2026-02-06T01:25:46Z,2026-02-06T01:24:00Z,106
2026-02-06T10:00:00Z,4210972G,17,4215,Komagome,駒込,20260206,2026-02-06T01:27:47Z,2026-02-06T01:27:00Z,47
2026-02-06T10:00:00Z,4210972G,18,4214,Sugamo,巣鴨,20260206,2026-02-06T01:29:46Z,2026-02-06T01:29:00Z,46
2026-02-06T10:00:00Z,4210972G,19,4213,Otsuka,大塚,20260206,2026-02-06T01:31:47Z,2026-02-06T01:31:00Z,47
2026-02-06T10:00:00Z,4210972G,20,4212,Ikebukuro,池袋,20260206,2026-02-06T01:35:17Z,2026-02-06T01:34:00Z,77
2026-02-06T10:00:00Z,4210972G,21,4211,Mejiro,目白,20260206,2026-02-06T01:37:16Z,2026-02-06T01:36:00Z,76
2026-02-06T10:00:00Z,4210972G,22,4210,Takadanobaba,高田馬場,20260206,2026-02-06T01:39:16Z,2026-02-06T01:38:00Z,76
2026-02-06T10:00:00Z,4210972G,23,4209,Shin-Okubo,新大久保,20260206,2026-02-06T01:41:46Z,2026-02-06T01:40:00Z,106
2026-02-06T10:00:00Z,4210972G,24,4208,Shinjuku,新宿,20260206,2026-02-06T01:43:46Z,2026-02-06T01:43:00Z,46
2026-02-06T10:00:00Z,4210972G,25,4207,Yoyogi,代々木,20260206,2026-02-06T01:45:47Z,2026-02-06T01:45:00Z,47
2026-02-06T10:00:00Z,4210972G,26,4206,Harajuku,原宿,20260206,2026-02-06T01:48:16Z,2026-02-06T01:47:00Z,76
2026-02-06T10:00:00Z,4210972G,27,4205,Shibuya,渋谷,20260206,2026-02-06T01:50:00Z,2026-02-06T01:50:00Z,0
2026-02-06T10:00:00Z,4210972G,28,4204,Ebisu,恵比寿,20260206,2026-02-06T01:52:00Z,2026-02-06T01:52:00Z,0
2026-02-06T10:00:00Z,4210972G,29,4203,Meguro,目黒,20260206,2026-02-06T01:55:00Z,2026-02-06T01:55:00Z,0
2026-02-06T10:00:00Z,4210972G,30,4202,Gotanda,五反田,20260206,2026-02-06T01:57:00Z,2026-02-06T01:57:00Z,0
2026-02-06T10:00:00Z,4210972G,31,4201,Osaki,大崎,20260206,2026-02-06T01:59:00Z,2026-02-06T01:59:00Z,0
2026-02-06T10:00:00Z,4211000G,1,4201,Osaki,大崎,20260206,2026-02-06T01:08:46Z,2026-02-06T01:08:00Z,46
2026-02-06T10:00:00Z,4211000G,2,4230,Shinagawa,品川,20260206,2026-02-06T01:11:47Z,2026-02-06T01:11:00Z,47
2026-02-06T10:00:00Z,4211000G,3,4229,Takanawa Gateway,高輪ゲートウェイ,20260206,2026-02-06T01:13:17Z,2026-02-06T01:13:00Z,17
2026-02-06T10:00:00Z,4211000G,4,4228,Tamachi,田町,20260206,2026-02-06T01:15:46Z,2026-02-06T01:15:00Z,46
2026-02-06T10:00:00Z,4211000G,5,4227,Hamamatsucho,浜松町,20260206,2026-02-06T01:18:17Z,2026-02-06T01:17:00Z,77
2026-02-06T10:00:00Z,4211000G,6,4226,Shimbashi,新橋,20260206,2026-02-06T01:20:17Z,2026-02-06T01:20:00Z,17
2026-02-06T10:00:00Z,4211000G,7,4225,Yurakucho,有楽町,20260206,2026-02-06T01:22:17Z,2026-02-06T01:22:00Z,17
2026-02-06T10:00:00Z,4211000G,8,4224,Tokyo,東京,20260206,2026-02-06T01:24:46Z,2026-02-06T01:24:00Z,46
2026-02-06T10:00:00Z,4211000G,9,4223,Kanda,神田,20260206,2026-02-06T01:26:47Z,2026-02-06T01:26:00Z,47
2026-02-06T10:00:00Z,4211000G,10,4222,Akihabara,秋葉原,20260206,2026-02-06T01:28:16Z,2026-02-06T01:28:00Z,16
2026-02-06T10:00:00Z,4211000G,11,4221,Okachimachi,御徒町,20260206,2026-02-06T01:30:17Z,2026-02-06T01:30:00Z,17
2026-02-06T10:00:00Z,4211000G,12,4220,Ueno,上野,20260206,2026-02-06T01:32:16Z,2026-02-06T01:31:00Z,76
2026-02-06T10:00:00Z,4211000G,13,4219,Uguisudani,鶯谷,20260206,2026-02-06T01:34:17Z,2026-02-06T01:33:00Z,77
2026-02-06T10:00:00Z,4211000G,14,4218,Nippori,日暮里,20260206,2026-02-06T01:36:17Z,2026-02-06T01:35:00Z,77
2026-02-06T10:00:00Z,4211000G,15,4217,Nishi-Nippori,西日暮里,20260206,2026-02-06T01:37:48Z,2026-02-06T01:37:00Z,48
2026-02-06T10:00:00Z,4211000G,16,4216,Tabata,田端,20260206,2026-02-06T01:39:47Z,2026-02-06T01:39:00Z,47
2026-02-06T10:00:00Z,4211000G,17,4215,Komagome,駒込,20260206,2026-02-06T01:42:17Z,2026-02-06T01:41:00Z,77
2026-02-06T10:00:00Z,4211000G,18,4214,Sugamo,巣鴨,20260206,2026-02-06T01:43:46Z,2026-02-06T01:43:00Z,46
2026-02-06T10:00:00Z,4211000G,19,4213,Otsuka,大塚,20260206,2026-02-06T01:45:47Z,2026-02-06T01:45:00Z,47
2026-02-06T10:00:00Z,4211000G,20,4212,Ikebukuro,池袋,20260206,2026-02-06T01:48:16Z,2026-02-06T01:48:00Z,16
2026-02-06T10:00:00Z,4211000G,21,4211,Mejiro,目白,20260206,2026-02-06T01:50:00Z,2026-02-06T01:50:00Z,0
2026-02-06T10:00:00Z,4211000G,22,4210,Takadanobaba,高田馬場,20260206,2026-02-06T01:52:00Z,2026-02-06T01:52:00Z,0
2026-02-06T10:00:00Z,4211000G,23,4209,Shin-Okubo,新大久保,20260206,2026-02-06T01:54:00Z,2026-02-06T01:54:00Z,0
2026-02-06T10:00:00Z,4211000G,24,4208,Shinjuku,新宿,20260206,2026-02-06T01:57:00Z,2026-02-06T01:57:00Z,0
2026-02-06T10:00:00Z,4211000G,25,4207,Yoyogi,代々木,20260206,2026-02-06T01:59:00Z,2026-02-06T01:59:00Z,0
2026-02-06T11:00:00Z,4211000G,26,4206,Harajuku,原宿,20260206,2026-02-06T02:01:00Z,2026-02-06T02:01:00Z,0
2026-02-06T11:00:00Z,4211000G,27,4205,Shibuya,渋谷,20260206,2026-02-06T02:04:00Z,2026-02-06T02:04:00Z,0
2026-02-06T11:00:00Z,4211000G,28,4204,Ebisu,恵比寿,20260206,2026-02-06T02:06:00Z,2026-02-06T02:06:00Z,0
2026-02-06T11:00:00Z,4211000G,29,4203,Meguro,目黒,20260206,2026-02-06T02:08:00Z,2026-02-06T02:08:00Z,0
2026-02-06T11:00:00Z,4211000G,30,4202,Gotanda,五反田,20260206,2026-02-06T02:11:00Z,2026-02-06T02:11:00Z,0
2026-02-06T11:00:00Z,4211000G,31,4201,Osaki,大崎,20260206,2026-02-06T02:12:00Z,2026-02-06T02:12:00Z,0
2026-02-06T10:00:00Z,4211002G,1,4201,Osaki,大崎,20260206,2026-02-06T01:28:46Z,2026-02-06T01:28:00Z,46
2026-02-06T10:00:00Z,4211002G,2,4230,Shinagawa,品川,20260206,2026-02-06T01:31:47Z,2026-02-06T01:31:00Z,47
2026-02-06T10:00:00Z,4211002G,3,4229,Takanawa Gateway,高輪ゲートウェイ,20260206,2026-02-06T01:33:48Z,2026-02-06T01:33:00Z,48
2026-02-06T10:00:00Z,4211002G,4,4228,Tamachi,田町,20260206,2026-02-06T01:36:17Z,2026-02-06T01:35:00Z,77
2026-02-06T10:00:00Z,4211002G,5,4227,Hamamatsucho,浜松町,20260206,2026-02-06T01:38:47Z,2026-02-06T01:37:00Z,107
2026-02-06T10:00:00Z,4211002G,6,4226,Shimbashi,新橋,20260206,2026-02-06T01:40:46Z,2026-02-06T01:40:00Z,46
2026-02-06T10:00:00Z,4211002G,7,4225,Yurakucho,有楽町,20260206,2026-02-06T01:42:47Z,2026-02-06T01:42:00Z,47
2026-02-06T10:00:00Z,4211002G,8,4224,Tokyo,東京,20260206,2026-02-06T01:44:47Z,2026-02-06T01:44:00Z,47
2026-02-06T10:00:00Z,4211002G,9,4223,Kanda,神田,20260206,2026-02-06T01:46:47Z,2026-02-06T01:46:00Z,47
2026-02-06T10:00:00Z,4211002G,10,4222,Akihabara,秋葉原,20260206,2026-02-06T01:48:16Z,2026-02-06T01:48:00Z,16
2026-02-06T10:00:00Z,4211002G,11,4221,Okachimachi,御徒町,20260206,2026-02-06T01:50:00Z,2026-02-06T01:50:00Z,0
2026-02-06T10:00:00Z,4211002G,12,4220,Ueno,上野,20260206,2026-02-06T01:51:00Z,2026-02-06T01:51:00Z,0
2026-02-06T10:00:00Z,4211002G,13,4219,Uguisudani,鶯谷,20260206,2026-02-06T01:53:00Z,2026-02-06T01:53:00Z,0
2026-02-06T10:00:00Z,4211002G,14,4218,Nippori,日暮里,20260206,2026-02-06T01:55:00Z,2026-02-06T01:55:00Z,0
2026-02-06T10:00:00Z,4211002G,15,4217,Nishi-Nippori,西日暮里,20260206,2026-02-06T01:57:00Z,2026-02-06T01:57:00Z,0
2026-02-06T10:00:00Z,4211002G,16,4216,Tabata,田端,20260206,2026-02-06T01:59:00Z,2026-02-06T01:59:00Z,0
2026-02-06T11:00:00Z,4211002G,17,4215,Komagome,駒込,20260206,2026-02-06T02:01:00Z,2026-02-06T02:01:00Z,0
2026-02-06T11:00:00Z,4211002G,18,4214,Sugamo,巣鴨,20260206,2026-02-06T02:03:00Z,2026-02-06T02:03:00Z,0
2026-02-06T11:00:00Z,4211002G,19,4213,Otsuka,大塚,20260206,2026-02-06T02:05:00Z,2026-02-06T02:05:00Z,0
2026-02-06T11:00:00Z,4211002G,20,4212,Ikebukuro,池袋,20260206,2026-02-06T02:08:00Z,2026-02-06T02:08:00Z,0
2026-02-06T11:00:00Z,4211002G,21,4211,Mejiro,目白,20260206,2026-02-06T02:10:00Z,2026-02-06T02:10:00Z,0
2026-02-06T11:00:00Z,4211002G,22,4210,Takadanobaba,高田馬場,20260206,2026-02-06T02:12:00Z,2026-02-06T02:12:00Z,0
2026-02-06T11:00:00Z,4211002G,23,4209,Shin-Okubo,新大久保,20260206,2026-02-06T02:14:00Z,2026-02-06T02:14:00Z,0
2026-02-06T11:00:00Z,4211002G,24,4208,Shinjuku,新宿,20260206,2026-02-06T02:17:00Z,2026-02-06T02:17:00Z,0
2026-02-06T11:00:00Z,4211002G,25,4207,Yoyogi,代々木,20260206,2026-02-06T02:19:00Z,2026-02-06T02:19:00Z,0
2026-02-06T11:00:00Z,4211002G,26,4206,Harajuku,原宿,20260206,2026-02-06T02:21:00Z,2026-02-06T02:21:00Z,0
2026-02-06T11:00:00Z,4211002G,27,4205,Shibuya,渋谷,20260206,2026-02-06T02:24:00Z,2026-02-06T02:24:00Z,0
2026-02-06T11:00:00Z,4211002G,28,4204,Ebisu,恵比寿,20260206,2026-02-06T02:26:00Z,2026-02-06T02:26:00Z,0
2026-02-06T11:00:00Z,4211002G,29,4203,Meguro,目黒,20260206,2026-02-06T02:28:00Z,2026-02-06T02:28:00Z,0
2026-02-06T11:00:00Z,4211002G,30,4202,Gotanda,五反田,20260206,2026-02-06T02:31:00Z,2026-02-06T02:31:00Z,0
2026-02-06T11:00:00Z,4211002G,31,4201,Osaki,大崎,20260206,2026-02-06T02:32:00Z,2026-02-06T02:32:00Z,0
2026-02-06T10:00:00Z,4211004G,1,4201,Osaki,大崎,20260206,2026-02-06T01:48:16Z,2026-02-06T01:48:00Z,16
2026-02-06T10:00:00Z,4211004G,2,4230,Shinagawa,品川,20260206,2026-02-06T01:51:00Z,2026-02-06T01:51:00Z,0
2026-02-06T10:00:00Z,4211004G,3,4229,Takanawa Gateway,高輪ゲートウェイ,20260206,2026-02-06T01:53:00Z,2026-02-06T01:53:00Z,0
2026-02-06T10:00:00Z,4211004G,4,4228,Tamachi,田町,20260206,2026-02-06T01:55:00Z,2026-02-06T01:55:00Z,0
2026-02-06T10:00:00Z,4211004G,5,4227,Hamamatsucho,浜松町,20260206,2026-02-06T01:57:00Z,2026-02-06T01:57:00Z,0
2026-02-06T11:00:00Z,4211004G,6,4226,Shimbashi,新橋,20260206,2026-02-06T02:00:00Z,2026-02-06T02:00:00Z,0
2026-02-06T11:00:00Z,4211004G,7,4225,Yurakucho,有楽町,20260206,2026-02-06T02:02:00Z,2026-02-06T02:02:00Z,0
2026-02-06T11:00:00Z,4211004G,8,4224,Tokyo,東京,20260206,2026-02-06T02:04:00Z,2026-02-06T02:04:00Z,0
2026-02-06T11:00:00Z,4211004G,9,4223,Kanda,神田,20260206,2026-02-06T02:06:00Z,2026-02-06T02:06:00Z,0
2026-02-06T11:00:00Z,4211004G,10,4222,Akihabara,秋葉原,20260206,2026-02-06T02:08:00Z,2026-02-06T02:08:00Z,0
2026-02-06T11:00:00Z,4211004G,11,4221,Okachimachi,御徒町,20260206,2026-02-06T02:10:00Z,2026-02-06T02:10:00Z,0
2026-02-06T11:00:00Z,4211004G,12,4220,Ueno,上野,20260206,2026-02-06T02:11:00Z,2026-02-06T02:11:00Z,0
2026-02-06T11:00:00Z,4211004G,13,4219,Uguisudani,鶯谷,20260206,2026-02-06T02:13:00Z,2026-02-06T02:13:00Z,0
2026-02-06T11:00:00Z,4211004G,14,4218,Nippori,日暮里,20260206,2026-02-06T02:15:00Z,2026-02-06T02:15:00Z,0
2026-02-06T11:00:00Z,4211004G,15,4217,Nishi-Nippori,西日暮里,20260206,2026-02-06T02:17:00Z,2026-02-06T02:17:00Z,0
2026-02-06T11:00:00Z,4211004G,16,4216,Tabata,田端,20260206,2026-02-06T02:19:00Z,2026-02-06T02:19:00Z,0
2026-02-06T11:00:00Z,4211004G,17,4215,Komagome,駒込,20260206,2026-02-06T02:21:00Z,2026-02-06T02:21:00Z,0
2026-02-06T11:00:00Z,4211004G,18,4214,Sugamo,巣鴨,20260206,2026-02-06T02:23:00Z,2026-02-06T02:23:00Z,0
2026-02-06T11:00:00Z,4211004G,19,4213,Otsuka,大塚,20260206,2026-02-06T02:25:00Z,2026-02-06T02:25:00Z,0
2026-02-06T11:00:00Z,4211004G,20,4212,Ikebukuro,池袋,20260206,2026-02-06T02:28:00Z,2026-02-06T02:28:00Z,0
2026-02-06T11:00:00Z,4211004G,21,4211,Mejiro,目白,20260206,2026-02-06T02:30:00Z,2026-02-06T02:30:00Z,0
2026-02-06T11:00:00Z,4211004G,22,4210,Takadanobaba,高田馬場,20260206,2026-02-06T02:32:00Z,2026-02-06T02:32:00Z,0
2026-02-06T11:00:00Z,4211004G,23,4209,Shin-Okubo,新大久保,20260206,2026-02-06T02:34:00Z,2026-02-06T02:34:00Z,0
2026-02-06T11:00:00Z,4211004G,24,4208,Shinjuku,新宿,20260206,2026-02-06T02:37:00Z,2026-02-06T02:37:00Z,0
2026-02-06T11:00:00Z,4211004G,25,4207,Yoyogi,代々木,20260206,2026-02-06T02:39:00Z,2026-02-06T02:39:00Z,0
2026-02-06T11:00:00Z,4211004G,26,4206,Harajuku,原宿,20260206,2026-02-06T02:41:00Z,2026-02-06T02:41:00Z,0
2026-02-06T11:00:00Z,4211004G,27,4205,Shibuya,渋谷,20260206,2026-02-06T02:44:00Z,2026-02-06T02:44:00Z,0
2026-02-06T11:00:00Z,4211004G,28,4204,Ebisu,恵比寿,20260206,2026-02-06T02:46:00Z,2026-02-06T02:46:00Z,0
2026-02-06T11:00:00Z,4211004G,29,4203,Meguro,目黒,20260206,2026-02-06T02:48:00Z,2026-02-06T02:48:00Z,0
2026-02-06T11:00:00Z,4211004G,30,4202,Gotanda,五反田,20260206,2026-02-06T02:51:00Z,2026-02-06T02:51:00Z,0
2026-02-06T11:00:00Z,4211004G,31,4201,Osaki,大崎,20260206,2026-02-06T02:52:00Z,2026-02-06T02:52:00Z,0
2026-02-06T10:00:00Z,4211008G,1,4201,Osaki,大崎,20260206,2026-02-06T01:18:47Z,2026-02-06T01:18:00Z,47
2026-02-06T10:00:00Z,4211008G,2,4230,Shinagawa,品川,20260206,2026-02-06T01:21:47Z,2026-02-06T01:21:00Z,47
2026-02-06T10:00:00Z,4211008G,3,4229,Takanawa Gateway,高輪ゲートウェイ,20260206,2026-02-06T01:23:47Z,2026-02-06T01:23:00Z,47
2026-02-06T10:00:00Z,4211008G,4,4228,Tamachi,田町,20260206,2026-02-06T01:25:46Z,2026-02-06T01:25:00Z,46
2026-02-06T10:00:00Z,4211008G,5,4227,Hamamatsucho,浜松町,20260206,2026-02-06T01:28:46Z,2026-02-06T01:27:00Z,106
2026-02-06T10:00:00Z,4211008G,6,4226,Shimbashi,新橋,20260206,2026-02-06T01:30:46Z,2026-02-06T01:30:00Z,46
2026-02-06T10:00:00Z,4211008G,7,4225,Yurakucho,有楽町,20260206,2026-02-06T01:33:17Z,2026-02-06T01:32:00Z,77
2026-02-06T10:00:00Z,4211008G,8,4224,Tokyo,東京,20260206,2026-02-06T01:34:47Z,2026-02-06T01:34:00Z,47
2026-02-06T10:00:00Z,4211008G,9,4223,Kanda,神田,20260206,2026-02-06T01:36:48Z,2026-02-06T01:36:00Z,48
2026-02-06T10:00:00Z,4211008G,10,4222,Akihabara,秋葉原,20260206,2026-02-06T01:38:47Z,2026-02-06T01:38:00Z,47
2026-02-06T10:00:00Z,4211008G,11,4221,Okachimachi,御徒町,20260206,2026-02-06T01:40:46Z,2026-02-06T01:40:00Z,46
2026-02-06T10:00:00Z,4211008G,12,4220,Ueno,上野,20260206,2026-02-06T01:42:17Z,2026-02-06T01:41:00Z,77
2026-02-06T10:00:00Z,4211008G,13,4219,Uguisudani,鶯谷,20260206,2026-02-06T01:44:16Z,2026-02-06T01:43:00Z,76
2026-02-06T10:00:00Z,4211008G,14,4218,Nippori,日暮里,20260206,2026-02-06T01:46:17Z,2026-02-06T01:45:00Z,77
2026-02-06T10:00:00Z,4211008G,15,4217,Nishi-Nippori,西日暮里,20260206,2026-02-06T01:47:47Z,2026-02-06T01:47:00Z,47
2026-02-06T10:00:00Z,4211008G,16,4216,Tabata,田端,20260206,2026-02-06T01:49:00Z,2026-02-06T01:49:00Z,0
2026-02-06T10:00:00Z,4211008G,17,4215,Komagome,駒込,20260206,2026-02-06T01:51:00Z,2026-02-06T01:51:00Z,0
2026-02-06T10:00:00Z,4211008G,18,4214,Sugamo,巣鴨,20260206,2026-02-06T01:53:00Z,2026-02-06T01:53:00Z,0
2026-02-06T10:00:00Z,4211008G,19,4213,Otsuka,大塚,20260206,2026-02-06T01:55:00Z,2026-02-06T01:55:00Z,0
2026-02-06T10:00:00Z,4211008G,20,4212,Ikebukuro,池袋,20260206,2026-02-06T01:58:00Z,2026-02-06T01:58:00Z,0
2026-02-06T11:00:00Z,4211008G,21,4211,Mejiro,目白,20260206,2026-02-06T02:00:00Z,2026-02-06T02:00:00Z,0
2026-02-06T11:00:00Z,4211008G,22,4210,Takadanobaba,高田馬場,20260206,2026-02-06T02:02:00Z,2026-02-06T02:02:00Z,0
2026-02-06T11:00:00Z,4211008G,23,4209,Shin-Okubo,新大久保,20260206,2026-02-06T02:04:00Z,2026-02-06T02:04:00Z,0
2026-02-06T11:00:00Z,4211008G,24,4208,Shinjuku,新宿,20260206,2026-02-06T02:07:00Z,2026-02-06T02:07:00Z,0
2026-02-06T11:00:00Z,4211008G,25,4207,Yoyogi,代々木,20260206,2026-02-06T02:09:00Z,2026-02-06T02:09:00Z,0
2026-02-06T11:00:00Z,4211008G,26,4206,Harajuku,原宿,20260206,2026-02-06T02:11:00Z,2026-02-06T02:11:00Z,0
2026-02-06T11:00:00Z,4211008G,27,4205,Shibuya,渋谷,20260206,2026-02-06T02:14:00Z,2026-02-06T02:14:00Z,0
2026-02-06T11:00:00Z,4211008G,28,4204,Ebisu,恵比寿,20260206,2026-02-06T02:16:00Z,2026-02-06T02:16:00Z,0
2026-02-06T11:00:00Z,4211008G,29,4203,Meguro,目黒,20260206,2026-02-06T02:18:00Z,2026-02-06T02:18:00Z,0
2026-02-06T11:00:00Z,4211008G,30,4202,Gotanda,五反田,20260206,2026-02-06T02:21:00Z,2026-02-06T02:21:00Z,0
2026-02-06T11:00:00Z,4211008G,31,4201,Osaki,大崎,20260206,2026-02-06T02:22:00Z,2026-02-06T02:22:00Z,0
2026-02-06T10:00:00Z,4211010G,1,4201,Osaki,大崎,20260206,2026-02-06T01:23:47Z,2026-02-06T01:23:00Z,47
2026-02-06T10:00:00Z,4211010G,2,4230,Shinagawa,品川,20260206,2026-02-06T01:26:47Z,2026-02-06T01:26:00Z,47
2026-02-06T10:00:00Z,4211010G,3,4229,Takanawa Gateway,高輪ゲートウェイ,20260206,2026-02-06T01:28:46Z,2026-02-06T01:28:00Z,46
2026-02-06T10:00:00Z,4211010G,4,4228,Tamachi,田町,20260206,2026-02-06T01:30:46Z,2026-02-06T01:30:00Z,46
2026-02-06T10:00:00Z,4211010G,5,4227,Hamamatsucho,浜松町,20260206,2026-02-06T01:33:17Z,2026-02-06T01:32:00Z,77
2026-02-06T10:00:00Z,4211010G,6,4226,Shimbashi,新橋,20260206,2026-02-06T01:35:47Z,2026-02-06T01:35:00Z,47
2026-02-06T10:00:00Z,4211010G,7,4225,Yurakucho,有楽町,20260206,2026-02-06T01:37:48Z,2026-02-06T01:37:00Z,48
2026-02-06T10:00:00Z,4211010G,8,4224,Tokyo,東京,20260206,2026-02-06T01:39:47Z,2026-02-06T01:39:00Z,47
2026-02-06T10:00:00Z,4211010G,9,4223,Kanda,神田,20260206,2026-02-06T01:41:46Z,2026-02-06T01:41:00Z,46
2026-02-06T10:00:00Z,4211010G,10,4222,Akihabara,秋葉原,20260206,2026-02-06T01:43:46Z,2026-02-06T01:43:00Z,46
2026-02-06T10:00:00Z,4211010G,11,4221,Okachimachi,御徒町,20260206,2026-02-06T01:45:18Z,2026-02-06T01:45:00Z,18
2026-02-06T10:00:00Z,4211010G,12,4220,Ueno,上野,20260206,2026-02-06T01:47:17Z,2026-02-06T01:46:00Z,77
2026-02-06T10:00:00Z,4211010G,13,4219,Uguisudani,鶯谷,20260206,2026-02-06T01:48:16Z,2026-02-06T01:48:00Z,16
2026-02-06T10:00:00Z,4211010G,14,4218,Nippori,日暮里,20260206,2026-02-06T01:50:00Z,2026-02-06T01:50:00Z,0
2026-02-06T10:00:00Z,4211010G,15,4217,Nishi-Nippori,西日暮里,20260206,2026-02-06T01:52:00Z,2026-02-06T01:52:00Z,0
2026-02-06T10:00:00Z,4211010G,16,4216,Tabata,田端,20260206,2026-02-06T01:54:00Z,2026-02-06T01:54:00Z,0
2026-02-06T10:00:00Z,4211010G,17,4215,Komagome,駒込,20260206,2026-02-06T01:56:00Z,2026-02-06T01:56:00Z,0
2026-02-06T10:00:00Z,4211010G,18,4214,Sugamo,巣鴨,20260206,2026-02-06T01:58:00Z,2026-02-06T01:58:00Z,0
2026-02-06T11:00:00Z,4211010G,19,4213,Otsuka,大塚,20260206,2026-02-06T02:00:00Z,2026-02-06T02:00:00Z,0
2026-02-06T11:00:00Z,4211010G,20,4212,Ikebukuro,池袋,20260206,2026-02-06T02:03:00Z,2026-02-06T02:03:00Z,0
2026-02-06T11:00:00Z,4211010G,21,4211,Mejiro,目白,20260206,2026-02-06T02:05:00Z,2026-02-06T02:05:00Z,0
2026-02-06T11:00:00Z,4211010G,22,4210,Takadanobaba,高田馬場,20260206,2026-02-06T02:07:00Z,2026-02-06T02:07:00Z,0
2026-02-06T11:00:00Z,4211010G,23,4209,Shin-Okubo,新大久保,20260206,2026-02-06T02:09:00Z,2026-02-06T02:09:00Z,0
2026-02-06T11:00:00Z,4211010G,24,4208,Shinjuku,新宿,20260206,2026-02-06T02:12:00Z,2026-02-06T02:12:00Z,0
2026-02-06T11:00:00Z,4211010G,25,4207,Yoyogi,代々木,20260206,2026-02-06T02:14:00Z,2026-02-06T02:14:00Z,0
2026-02-06T11:00:00Z,4211010G,26,4206,Harajuku,原宿,20260206,2026-02-06T02:16:00Z,2026-02-06T02:16:00Z,0
2026-02-06T11:00:00Z,4211010G,27,4205,Shibuya,渋谷,20260206,2026-02-06T02:19:00Z,2026-02-06T02:19:00Z,0
2026-02-06T11:00:00Z,4211010G,28,4204,Ebisu,恵比寿,20260206,2026-02-06T02:21:00Z,2026-02-06T02:21:00Z,0
2026-02-06T11:00:00Z,4211010G,29,4203,Meguro,目黒,20260206,2026-02-06T02:23:00Z,2026-02-06T02:23:00Z,0
2026-02-06T11:00:00Z,4211010G,30,4202,Gotanda,五反田,20260206,2026-02-06T02:26:00Z,2026-02-06T02:26:00Z,0
2026-02-06T11:00:00Z,4211010G,31,4201,Osaki,大崎,20260206,2026-02-06T02:27:00Z,2026-02-06T02:27:00Z,0
2026-02-06T10:00:00Z,4211012G,1,4201,Osaki,大崎,20260206,2026-02-06T01:33:48Z,2026-02-06T01:33:00Z,48
2026-02-06T10:00:00Z,4211012G,2,4230,Shinagawa,品川,20260206,2026-02-06T01:36:48Z,2026-02-06T01:36:00Z,48
2026-02-06T10:00:00Z,4211012G,3,4229,Takanawa Gateway,高輪ゲートウェイ,20260206,2026-02-06T01:38:47Z,2026-02-06T01:38:00Z,47
2026-02-06T10:00:00Z,4211012G,4,4228,Tamachi,田町,20260206,2026-02-06T01:41:46Z,2026-02-06T01:40:00Z,106
2026-02-06T10:00:00Z,4211012G,5,4227,Hamamatsucho,浜松町,20260206,2026-02-06T01:43:46Z,2026-02-06T01:42:00Z,106
2026-02-06T10:00:00Z,4211012G,6,4226,Shimbashi,新橋,20260206,2026-02-06T01:45:47Z,2026-02-06T01:45:00Z,47
2026-02-06T10:00:00Z,4211012G,7,4225,Yurakucho,有楽町,20260206,2026-02-06T01:47:47Z,2026-02-06T01:47:00Z,47
2026-02-06T10:00:00Z,4211012G,8,4224,Tokyo,東京,20260206,2026-02-06T01:49:00Z,2026-02-06T01:49:00Z,0
2026-02-06T10:00:00Z,4211012G,9,4223,Kanda,神田,20260206,2026-02-06T01:51:00Z,2026-02-06T01:51:00Z,0
2026-02-06T10:00:00Z,4211012G,10,4222,Akihabara,秋葉原,20260206,2026-02-06T01:53:00Z,2026-02-06T01:53:00Z,0
2026-02-06T10:00:00Z,4211012G,11,4221,Okachimachi,御徒町,20260206,2026-02-06T01:55:00Z,2026-02-06T01:55:00Z,0
2026-02-06T10:00:00Z,4211012G,12,4220,Ueno,上野,20260206,2026-02-06T01:56:00Z,2026-02-06T01:56:00Z,0
2026-02-06T10:00:00Z,4211012G,13,4219,Uguisudani,鶯谷,20260206,2026-02-06T01:58:00Z,2026-02-06T01:58:00Z,0
2026-02-06T11:00:00Z,4211012G,14,4218,Nippori,日暮里,20260206,2026-02-06T02:00:00Z,2026-02-06T02:00:00Z,0
2026-02-06T11:00:00Z,4211012G,15,4217,Nishi-Nippori,西日暮里,20260206,2026-02-06T02:02:00Z,2026-02-06T02:02:00Z,0
2026-02-06T11:00:00Z,4211012G,16,4216,Tabata,田端,20260206,2026-02-06T02:04:00Z,2026-02-06T02:04:00Z,0
2026-02-06T11:00:00Z,4211012G,17,4215,Komagome,駒込,20260206,2026-02-06T02:06:00Z,2026-02-06T02:06:00Z,0
2026-02-06T11:00:00Z,4211012G,18,4214,Sugamo,巣鴨,20260206,2026-02-06T02:08:00Z,2026-02-06T02:08:00Z,0
2026-02-06T11:00:00Z,4211012G,19,4213,Otsuka,大塚,20260206,2026-02-06T02:10:00Z,2026-02-06T02:10:00Z,0
2026-02-06T11:00:00Z,4211012G,20,4212,Ikebukuro,池袋,20260206,2026-02-06T02:13:00Z,2026-02-06T02:13:00Z,0
2026-02-06T11:00:00Z,4211012G,21,4211,Mejiro,目白,20260206,2026-02-06T02:15:00Z,2026-02-06T02:15:00Z,0
2026-02-06T11:00:00Z,4211012G,22,4210,Takadanobaba,高田馬場,20260206,2026-02-06T02:17:00Z,2026-02-06T02:17:00Z,0
2026-02-06T11:00:00Z,4211012G,23,4209,Shin-Okubo,新大久保,20260206,2026-02-06T02:19:00Z,2026-02-06T02:19:00Z,0
2026-02-06T11:00:00Z,4211012G,24,4208,Shinjuku,新宿,20260206,2026-02-06T02:22:00Z,2026-02-06T02:22:00Z,0
2026-02-06T11:00:00Z,4211012G,25,4207,Yoyogi,代々木,20260206,2026-02-06T02:24:00Z,2026-02-06T02:24:00Z,0
2026-02-06T11:00:00Z,4211012G,26,4206,Harajuku,原宿,20260206,2026-02-06T02:26:00Z,2026-02-06T02:26:00Z,0
2026-02-06T11:00:00Z,4211012G,27,4205,Shibuya,渋谷,20260206,2026-02-06T02:29:00Z,2026-02-06T02:29:00Z,0
2026-02-06T11:00:00Z,4211012G,28,4204,Ebisu,恵比寿,20260206,2026-02-06T02:31:00Z,2026-02-06T02:31:00Z,0
2026-02-06T11:00:00Z,4211012G,29,4203,Meguro,目黒,20260206,2026-02-06T02:33:00Z,2026-02-06T02:33:00Z,0
2026-02-06T11:00:00Z,4211012G,30,4202,Gotanda,五反田,20260206,2026-02-06T02:36:00Z,2026-02-06T02:36:00Z,0
2026-02-06T11:00:00Z,4211012G,31,4201,Osaki,大崎,20260206,2026-02-06T02:37:00Z,2026-02-06T02:37:00Z,0
2026-02-06T10:00:00Z,4211064G,1,4201,Osaki,大崎,20260206,2026-02-06T01:13:47Z,2026-02-06T01:13:00Z,47
2026-02-06T10:00:00Z,4211064G,2,4230,Shinagawa,品川,20260206,2026-02-06T01:16:16Z,2026-02-06T01:16:00Z,16
2026-02-06T10:00:00Z,4211064G,3,4229,Takanawa Gateway,高輪ゲートウェイ,20260206,2026-02-06T01:18:17Z,2026-02-06T01:18:00Z,17
2026-02-06T10:00:00Z,4211064G,4,4228,Tamachi,田町,20260206,2026-02-06T01:20:47Z,2026-02-06T01:20:00Z,47
2026-02-06T10:00:00Z,4211064G,5,4227,Hamamatsucho,浜松町,20260206,2026-02-06T01:23:16Z,2026-02-06T01:22:00Z,76
2026-02-06T10:00:00Z,4211064G,6,4226,Shimbashi,新橋,20260206,2026-02-06T01:25:46Z,2026-02-06T01:25:00Z,46
2026-02-06T10:00:00Z,4211064G,7,4225,Yurakucho,有楽町,20260206,2026-02-06T01:27:47Z,2026-02-06T01:27:00Z,47
2026-02-06T10:00:00Z,4211064G,8,4224,Tokyo,東京,20260206,2026-02-06T01:29:46Z,2026-02-06T01:29:00Z,46
2026-02-06T10:00:00Z,4211064G,9,4223,Kanda,神田,20260206,2026-02-06T01:31:47Z,2026-02-06T01:31:00Z,47
2026-02-06T10:00:00Z,4211064G,10,4222,Akihabara,秋葉原,20260206,2026-02-06T01:33:48Z,2026-02-06T01:33:00Z,48
2026-02-06T10:00:00Z,4211064G,11,4221,Okachimachi,御徒町,20260206,2026-02-06T01:35:17Z,2026-02-06T01:35:00Z,17
2026-02-06T10:00:00Z,4211064G,12,4220,Ueno,上野,20260206,2026-02-06T01:37:16Z,2026-02-06T01:36:00Z,76
2026-02-06T10:00:00Z,4211064G,13,4219,Uguisudani,鶯谷,20260206,2026-02-06T01:39:16Z,2026-02-06T01:38:00Z,76
2026-02-06T10:00:00Z,4211064G,14,4218,Nippori,日暮里,20260206,2026-02-06T01:41:16Z,2026-02-06T01:40:00Z,76
2026-02-06T10:00:00Z,4211064G,15,4217,Nishi-Nippori,西日暮里,20260206,2026-02-06T01:42:47Z,2026-02-06T01:42:00Z,47
2026-02-06T10:00:00Z,4211064G,16,4216,Tabata,田端,20260206,2026-02-06T01:44:47Z,2026-02-06T01:44:00Z,47
2026-02-06T10:00:00Z,4211064G,17,4215,Komagome,駒込,20260206,2026-02-06T01:47:17Z,2026-02-06T01:46:00Z,77
2026-02-06T10:00:00Z,4211064G,18,4214,Sugamo,巣鴨,20260206,2026-02-06T01:48:16Z,2026-02-06T01:48:00Z,16
2026-02-06T10:00:00Z,4211064G,19,4213,Otsuka,大塚,20260206,2026-02-06T01:50:00Z,2026-02-06T01:50:00Z,0
2026-02-06T10:00:00Z,4211064G,20,4212,Ikebukuro,池袋,20260206,2026-02-06T01:53:00Z,2026-02-06T01:53:00Z,0
2026-02-06T10:00:00Z,4211064G,21,4211,Mejiro,目白,20260206,2026-02-06T01:55:00Z,2026-02-06T01:55:00Z,0
2026-02-06T10:00:00Z,4211064G,22,4210,Takadanobaba,高田馬場,20260206,2026-02-06T01:57:00Z,2026-02-06T01:57:00Z,0
2026-02-06T10:00:00Z,4211064G,23,4209,Shin-Okubo,新大久保,20260206,2026-02-06T01:59:00Z,2026-02-06T01:59:00Z,0
2026-02-06T11:00:00Z,4211064G,24,4208,Shinjuku,新宿,20260206,2026-02-06T02:02:00Z,2026-02-06T02:02:00Z,0
2026-02-06T11:00:00Z,4211064G,25,4207,Yoyogi,代々木,20260206,2026-02-06T02:04:00Z,2026-02-06T02:04:00Z,0
2026-02-06T11:00:00Z,4211064G,26,4206,Harajuku,原宿,20260206,2026-02-06T02:06:00Z,2026-02-06T02:06:00Z,0
2026-02-06T11:00:00Z,4211064G,27,4205,Shibuya,渋谷,20260206,2026-02-06T02:09:00Z,2026-02-06T02:09:00Z,0
2026-02-06T11:00:00Z,4211064G,28,4204,Ebisu,恵比寿,20260206,2026-02-06T02:11:00Z,2026-02-06T02:11:00Z,0
2026-02-06T11:00:00Z,4211064G,29,4203,Meguro,目黒,20260206,2026-02-06T02:13:00Z,2026-02-06T02:13:00Z,0
2026-02-06T11:00:00Z,4211064G,30,4202,Gotanda,五反田,20260206,2026-02-06T02:16:00Z,2026-02-06T02:16:00Z,0
2026-02-06T11:00:00Z,4211064G,31,4201,Osaki,大崎,20260206,2026-02-06T02:17:00Z,2026-02-06T02:17:00Z,0
2026-02-06T10:00:00Z,4211066G,1,4201,Osaki,大崎,20260206,2026-02-06T01:38:47Z,2026-02-06T01:38:00Z,47
2026-02-06T10:00:00Z,4211066G,2,4230,Shinagawa,品川,20260206,2026-02-06T01:41:46Z,2026-02-06T01:41:00Z,46
2026-02-06T10:00:00Z,4211066G,3,4229,Takanawa Gateway,高輪ゲートウェイ,20260206,2026-02-06T01:43:16Z,2026-02-06T01:43:00Z,16
2026-02-06T10:00:00Z,4211066G,4,4228,Tamachi,田町,20260206,2026-02-06T01:45:47Z,2026-02-06T01:45:00Z,47
2026-02-06T10:00:00Z,4211066G,5,4227,Hamamatsucho,浜松町,20260206,2026-02-06T01:48:16Z,2026-02-06T01:47:00Z,76
2026-02-06T10:00:00Z,4211066G,6,4226,Shimbashi,新橋,20260206,2026-02-06T01:50:00Z,2026-02-06T01:50:00Z,0
2026-02-06T10:00:00Z,4211066G,7,4225,Yurakucho,有楽町,20260206,2026-02-06T01:52:00Z,2026-02-06T01:52:00Z,0
2026-02-06T10:00:00Z,4211066G,8,4224,Tokyo,東京,20260206,2026-02-06T01:54:00Z,2026-02-06T01:54:00Z,0
2026-02-06T10:00:00Z,4211066G,9,4223,Kanda,神田,20260206,2026-02-06T01:56:00Z,2026-02-06T01:56:00Z,0
2026-02-06T10:00:00Z,4211066G,10,4222,Akihabara,秋葉原,20260206,2026-02-06T01:58:00Z,2026-02-06T01:58:00Z,0
2026-02-06T11:00:00Z,4211066G,11,4221,Okachimachi,御徒町,20260206,2026-02-06T02:00:00Z,2026-02-06T02:00:00Z,0
2026-02-06T11:00:00Z,4211066G,12,4220,Ueno,上野,20260206,2026-02-06T02:01:00Z,2026-02-06T02:01:00Z,0
2026-02-06T11:00:00Z,4211066G,13,4219,Uguisudani,鶯谷,20260206,2026-02-06T02:03:00Z,2026-02-06T02:03:00Z,0
2026-02-06T11:00:00Z,4211066G,14,4218,Nippori,日暮里,20260206,2026-02-06T02:05:00Z,2026-02-06T02:05:00Z,0
2026-02-06T11:00:00Z,4211066G,15,4217,Nishi-Nippori,西日暮里,20260206,2026-02-06T02:07:00Z,2026-02-06T02:07:00Z,0
2026-02-06T11:00:00Z,4211066G,16,4216,Tabata,田端,20260206,2026-02-06T02:09:00Z,2026-02-06T02:09:00Z,0
2026-02-06T11:00:00Z,4211066G,17,4215,Komagome,駒込,20260206,2026-02-06T02:11:00Z,2026-02-06T02:11:00Z,0
2026-02-06T11:00:00Z,4211066G,18,4214,Sugamo,巣鴨,20260206,2026-02-06T02:13:00Z,2026-02-06T02:13:00Z,0
2026-02-06T11:00:00Z,4211066G,19,4213,Otsuka,大塚,20260206,2026-02-06T02:15:00Z,2026-02-06T02:15:00Z,0
2026-02-06T11:00:00Z,4211066G,20,4212,Ikebukuro,池袋,20260206,2026-02-06T02:18:00Z,2026-02-06T02:18:00Z,0
2026-02-06T11:00:00Z,4211066G,21,4211,Mejiro,目白,20260206,2026-02-06T02:20:00Z,2026-02-06T02:20:00Z,0
2026-02-06T11:00:00Z,4211066G,22,4210,Takadanobaba,高田馬場,20260206,2026-02-06T02:22:00Z,2026-02-06T02:22:00Z,0
2026-02-06T11:00:00Z,4211066G,23,4209,Shin-Okubo,新大久保,20260206,2026-02-06T02:24:00Z,2026-02-06T02:24:00Z,0
2026-02-06T11:00:00Z,4211066G,24,4208,Shinjuku,新宿,20260206,2026-02-06T02:27:00Z,2026-02-06T02:27:00Z,0
2026-02-06T11:00:00Z,4211066G,25,4207,Yoyogi,代々木,20260206,2026-02-06T02:29:00Z,2026-02-06T02:29:00Z,0
2026-02-06T11:00:00Z,4211066G,26,4206,Harajuku,原宿,20260206,2026-02-06T02:31:00Z,2026-02-06T02:31:00Z,0
2026-02-06T11:00:00Z,4211066G,27,4205,Shibuya,渋谷,20260206,2026-02-06T02:34:00Z,2026-02-06T02:34:00Z,0
2026-02-06T11:00:00Z,4211066G,28,4204,Ebisu,恵比寿,20260206,2026-02-06T02:36:00Z,2026-02-06T02:36:00Z,0
2026-02-06T11:00:00Z,4211066G,29,4203,Meguro,目黒,20260206,2026-02-06T02:38:00Z,2026-02-06T02:38:00Z,0
2026-02-06T11:00:00Z,4211066G,30,4202,Gotanda,五反田,20260206,2026-02-06T02:41:00Z,2026-02-06T02:41:00Z,0
2026-02-06T11:00:00Z,4211066G,31,4201,Osaki,大崎,20260206,2026-02-06T02:42:00Z,2026-02-06T02:42:00Z,0
2026-02-06T10:00:00Z,4211068G,1,4201,Osaki,大崎,20260206,2026-02-06T01:43:46Z,2026-02-06T01:43:00Z,46
2026-02-06T10:00:00Z,4211068G,2,4230,Shinagawa,品川,20260206,2026-02-06T01:46:47Z,2026-02-06T01:46:00Z,47
2026-02-06T10:00:00Z,4211068G,3,4229,Takanawa Gateway,高輪ゲートウェイ,20260206,2026-02-06T01:48:16Z,2026-02-06T01:48:00Z,16
2026-02-06T10:00:00Z,4211068G,4,4228,Tamachi,田町,20260206,2026-02-06T01:50:00Z,2026-02-06T01:50:00Z,0
2026-02-06T10:00:00Z,4211068G,5,4227,Hamamatsucho,浜松町,20260206,2026-02-06T01:52:00Z,2026-02-06T01:52:00Z,0
2026-02-06T10:00:00Z,4211068G,6,4226,Shimbashi,新橋,20260206,2026-02-06T01:55:00Z,2026-02-06T01:55:00Z,0
2026-02-06T10:00:00Z,4211068G,7,4225,Yurakucho,有楽町,20260206,2026-02-06T01:57:00Z,2026-02-06T01:57:00Z,0
2026-02-06T10:00:00Z,4211068G,8,4224,Tokyo,東京,20260206,2026-02-06T01:59:00Z,2026-02-06T01:59:00Z,0
2026-02-06T11:00:00Z,4211068G,9,4223,Kanda,神田,20260206,2026-02-06T02:01:00Z,2026-02-06T02:01:00Z,0
2026-02-06T11:00:00Z,4211068G,10,4222,Akihabara,秋葉原,20260206,2026-02-06T02:03:00Z,2026-02-06T02:03:00Z,0
2026-02-06T11:00:00Z,4211068G,11,4221,Okachimachi,御徒町,20260206,2026-02-06T02:05:00Z,2026-02-06T02:05:00Z,0
2026-02-06T11:00:00Z,4211068G,12,4220,Ueno,上野,20260206,2026-02-06T02:06:00Z,2026-02-06T02:06:00Z,0
2026-02-06T11:00:00Z,4211068G,13,4219,Uguisudani,鶯谷,20260206,2026-02-06T02:08:00Z,2026-02-06T02:08:00Z,0
2026-02-06T11:00:00Z,4211068G,14,4218,Nippori,日暮里,20260206,2026-02-06T02:10:00Z,2026-02-06T02:10:00Z,0
2026-02-06T11:00:00Z,4211068G,15,4217,Nishi-Nippori,西日暮里,20260206,2026-02-06T02:12:00Z,2026-02-06T02:12:00Z,0
2026-02-06T11:00:00Z,4211068G,16,4216,Tabata,田端,20260206,2026-02-06T02:14:00Z,2026-02-06T02:14:00Z,0
2026-02-06T11:00:00Z,4211068G,17,4215,Komagome,駒込,20260206,2026-02-06T02:16:00Z,2026-02-06T02:16:00Z,0
2026-02-06T11:00:00Z,4211068G,18,4214,Sugamo,巣鴨,20260206,2026-02-06T02:18:00Z,2026-02-06T02:18:00Z,0
2026-02-06T11:00:00Z,4211068G,19,4213,Otsuka,大塚,20260206,2026-02-06T02:20:00Z,2026-02-06T02:20:00Z,0
2026-02-06T11:00:00Z,4211068G,20,4212,Ikebukuro,池袋,20260206,2026-02-06T02:23:00Z,2026-02-06T02:23:00Z,0
2026-02-06T11:00:00Z,4211068G,21,4211,Mejiro,目白,20260206,2026-02-06T02:25:00Z,2026-02-06T02:25:00Z,0
2026-02-06T11:00:00Z,4211068G,22,4210,Takadanobaba,高田馬場,20260206,2026-02-06T02:27:00Z,2026-02-06T02:27:00Z,0
2026-02-06T11:00:00Z,4211068G,23,4209,Shin-Okubo,新大久保,20260206,2026-02-06T02:29:00Z,2026-02-06T02:29:00Z,0
2026-02-06T11:00:00Z,4211068G,24,4208,Shinjuku,新宿,20260206,2026-02-06T02:32:00Z,2026-02-06T02:32:00Z,0
2026-02-06T11:00:00Z,4211068G,25,4207,Yoyogi,代々木,20260206,2026-02-06T02:34:00Z,2026-02-06T02:34:00Z,0
2026-02-06T11:00:00Z,4211068G,26,4206,Harajuku,原宿,20260206,2026-02-06T02:36:00Z,2026-02-06T02:36:00Z,0
2026-02-06T11:00:00Z,4211068G,27,4205,Shibuya,渋谷,20260206,2026-02-06T02:39:00Z,2026-02-06T02:39:00Z,0
2026-02-06T11:00:00Z,4211068G,28,4204,Ebisu,恵比寿,20260206,2026-02-06T02:41:00Z,2026-02-06T02:41:00Z,0
2026-02-06T11:00:00Z,4211068G,29,4203,Meguro,目黒,20260206,2026-02-06T02:43:00Z,2026-02-06T02:43:00Z,0
2026-02-06T11:00:00Z,4211068G,30,4202,Gotanda,五反田,20260206,2026-02-06T02:46:00Z,2026-02-06T02:46:00Z,0
2026-02-06T11:00:00Z,4211068G,31,4201,Osaki,大崎,20260206,2026-02-06T02:47:00Z,2026-02-06T02:47:00Z,0
2026-02-06T10:00:00Z,4211074G,1,4201,Osaki,大崎,20260206,2026-02-06T01:03:47Z,2026-02-06T01:03:00Z,47
2026-02-06T10:00:00Z,4211074G,2,4230,Shinagawa,品川,20260206,2026-02-06T01:06:47Z,2026-02-06T01:06:00Z,47
2026-02-06T10:00:00Z,4211074G,3,4229,Takanawa Gateway,高輪ゲートウェイ,20260206,2026-02-06T01:08:46Z,2026-02-06T01:08:00Z,46
2026-02-06T10:00:00Z,4211074G,4,4228,Tamachi,田町,20260206,2026-02-06T01:10:47Z,2026-02-06T01:10:00Z,47
2026-02-06T10:00:00Z,4211074G,5,4227,Hamamatsucho,浜松町,20260206,2026-02-06T01:13:17Z,2026-02-06T01:12:00Z,77
2026-02-06T10:00:00Z,4211074G,6,4226,Shimbashi,新橋,20260206,2026-02-06T01:15:17Z,2026-02-06T01:15:00Z,17
2026-02-06T10:00:00Z,4211074G,7,4225,Yurakucho,有楽町,20260206,2026-02-06T01:17:16Z,2026-02-06T01:17:00Z,16
2026-02-06T10:00:00Z,4211074G,8,4224,Tokyo,東京,20260206,2026-02-06T01:19:47Z,2026-02-06T01:19:00Z,47
2026-02-06T10:00:00Z,4211074G,9,4223,Kanda,神田,20260206,2026-02-06T01:21:47Z,2026-02-06T01:21:00Z,47
2026-02-06T10:00:00Z,4211074G,10,4222,Akihabara,秋葉原,20260206,2026-02-06T01:23:47Z,2026-02-06T01:23:00Z,47
2026-02-06T10:00:00Z,4211074G,11,4221,Okachimachi,御徒町,20260206,2026-02-06T01:25:46Z,2026-02-06T01:25:00Z,46
2026-02-06T10:00:00Z,4211074G,12,4220,Ueno,上野,20260206,2026-02-06T01:27:17Z,2026-02-06T01:26:00Z,77
2026-02-06T10:00:00Z,4211074G,13,4219,Uguisudani,鶯谷,20260206,2026-02-06T01:29:46Z,2026-02-06T01:28:00Z,106
2026-02-06T10:00:00Z,4211074G,14,4218,Nippori,日暮里,20260206,2026-02-06T01:31:17Z,2026-02-06T01:30:00Z,77
2026-02-06T10:00:00Z,4211074G,15,4217,Nishi-Nippori,西日暮里,20260206,2026-02-06T01:33:17Z,2026-02-06T01:32:00Z,77
2026-02-06T10:00:00Z,4211074G,16,4216,Tabata,田端,20260206,2026-02-06T01:34:47Z,2026-02-06T01:34:00Z,47
2026-02-06T10:00:00Z,4211074G,17,4215,Komagome,駒込,20260206,2026-02-06T01:37:16Z,2026-02-06T01:36:00Z,76
2026-02-06T10:00:00Z,4211074G,18,4214,Sugamo,巣鴨,20260206,2026-02-06T01:38:47Z,2026-02-06T01:38:00Z,47
2026-02-06T10:00:00Z,4211074G,19,4213,Otsuka,大塚,20260206,2026-02-06T01:40:46Z,2026-02-06T01:40:00Z,46
2026-02-06T10:00:00Z,4211074G,20,4212,Ikebukuro,池袋,20260206,2026-02-06T01:44:16Z,2026-02-06T01:43:00Z,76
2026-02-06T10:00:00Z,4211074G,21,4211,Mejiro,目白,20260206,2026-02-06T01:46:17Z,2026-02-06T01:45:00Z,77
2026-02-06T10:00:00Z,4211074G,22,4210,Takadanobaba,高田馬場,20260206,2026-02-06T01:48:16Z,2026-02-06T01:47:00Z,76
2026-02-06T10:00:00Z,4211074G,23,4209,Shin-Okubo,新大久保,20260206,2026-02-06T01:49:00Z,2026-02-06T01:49:00Z,0
2026-02-06T10:00:00Z,4211074G,24,4208,Shinjuku,新宿,20260206,2026-02-06T01:52:00Z,2026-02-06T01:52:00Z,0
2026-02-06T10:00:00Z,4211074G,25,4207,Yoyogi,代々木,20260206,2026-02-06T01:54:00Z,2026-02-06T01:54:00Z,0
2026-02-06T10:00:00Z,4211074G,26,4206,Harajuku,原宿,20260206,2026-02-06T01:56:00Z,2026-02-06T01:56:00Z,0
2026-02-06T10:00:00Z,4211074G,27,4205,Shibuya,渋谷,20260206,2026-02-06T01:59:00Z,2026-02-06T01:59:00Z,0
2026-02-06T11:00:00Z,4211074G,28,4204,Ebisu,恵比寿,20260206,2026-02-06T02:01:00Z,2026-02-06T02:01:00Z,0
2026-02-06T11:00:00Z,4211074G,29,4203,Meguro,目黒,20260206,2026-02-06T02:03:00Z,2026-02-06T02:03:00Z,0
2026-02-06T11:00:00Z,4211074G,30,4202,Gotanda,五反田,20260206,2026-02-06T02:06:00Z,2026-02-06T02:06:00Z,0
2026-02-06T11:00:00Z,4211074G,31,4201,Osaki,大崎,20260206,2026-02-06T02:07:00Z,2026-02-06T02:07:00Z,0
